OrderID,OrderDate,CustomerID,ProductID,Quantity,UnitPrice,Discount,SalesPersonID,OrderStatus
O1000,5/2/2025,C1047,P1075,1,118.96,0.09,E105,Returned
O1001,8/16/2025,C1139,P1049,5,547.72,0.14,E108,Delivered
O1002,9/23/2025,C1030,P1029,2,1040.18,0.15,E103,Delivered
O1003,7/29/2025,C1052,P1005,1,835.47,0.16,E109,Pending
O1004,12/8/2025,C1053,P1005,2,862.11,0.07,E106,Delivered
O1005,5/19/2024,C1182,P1022,4,1291.71,0.14,E105,Delivered
O1006,2/18/2024,C1177,P1050,2,630.62,0.19,E112,Pending
O1007,3/17/2025,C1082,P1087,1,1298.2,0.02,E112,Delivered
O1008,9/27/2025,C1176,P1003,2,607.61,0.06,E112,Returned
O1009,5/22/2024,C1181,P1098,1,785.36,0.18,E106,Delivered
O1010,8/6/2025,C1175,P1012,3,514.7,0.03,E112,Returned
O1011,8/29/2025,C1098,P1013,3,1002.5,0.1,E111,Delivered
O1012,4/2/2024,C1080,P1086,4,1007.37,0.08,E105,Pending
O1013,8/23/2024,C1142,P1080,3,1182.58,0.05,E109,Delivered
O1014,7/5/2025,C1127,P1037,2,1320.56,0.08,E108,Delivered
O1015,2/10/2024,C1055,P1054,4,1059.25,0.19,E104,Delivered
O1016,5/2/2024,C1096,P1012,4,899.18,0.02,E104,Delivered
O1017,7/9/2024,C1135,P1099,2,1408.14,0.15,E103,Delivered
O1018,2/18/2024,C1020,P1080,4,495.87,0.16,E106,Returned
O1019,10/28/2024,C1020,P1027,5,439.19,0.07,E105,Delivered
O1020,3/1/2024,C1160,P1013,2,564.47,0.11,E111,Delivered
O1021,11/6/2025,C1137,P1058,4,788.98,0.08,E104,Returned
O1022,4/11/2024,C1149,P1047,3,1205.54,0.16,E108,Returned
O1023,2/27/2024,C1197,P1073,2,672.4,0.16,E108,Returned
O1024,10/21/2024,C1064,P1006,2,656.51,0.03,E109,Returned
O1025,12/2/2025,C1171,P1073,5,1055.65,0.13,E110,Returned
O1026,5/23/2025,C1088,P1049,1,977.73,0.17,E100,Returned
O1027,1/6/2024,C1118,P1052,1,309.21,0.04,E110,Delivered
O1028,9/11/2024,C1161,P1042,1,334.79,0.01,E102,Pending
O1029,4/4/2025,C1168,P1048,3,847.42,0.12,E114,Returned
O1030,10/4/2025,C1026,P1087,5,226.74,0.11,E110,Delivered
O1031,4/7/2024,C1116,P1061,3,1371.68,0.02,E106,Pending
O1032,8/25/2024,C1004,P1010,2,764.69,0.16,E106,Pending
O1033,2/8/2025,C1043,P1069,1,1287.36,0.18,E114,Delivered
O1034,5/25/2024,C1077,P1079,2,743.62,0.12,E101,Returned
O1035,11/30/2024,C1090,P1055,5,1146.32,0.03,E101,Delivered
O1036,7/16/2025,C1121,P1094,4,1155.19,0.04,E103,Delivered
O1037,12/19/2025,C1171,P1077,5,931.42,0.06,E100,Pending
O1038,2/6/2025,C1001,P1099,1,978.54,0.08,E111,Delivered
O1039,9/6/2024,C1129,P1067,2,530.52,0.14,E105,Pending
O1040,9/14/2024,C1006,P1040,1,397.6,0.09,E109,Pending
O1041,10/27/2025,C1154,P1063,3,394.28,0.01,E112,Returned
O1042,11/24/2025,C1064,P1037,4,304.3,0.06,E102,Returned
O1043,1/20/2025,C1091,P1077,5,868.77,0.03,E108,Delivered
O1044,5/31/2025,C1069,P1071,4,832.02,0.15,E104,Pending
O1045,8/26/2024,C1185,P1100,3,446.54,0.1,E103,Pending
O1046,8/14/2025,C1024,P1004,5,1022.28,0.02,E105,Returned
O1047,3/29/2025,C1136,P1063,5,726.24,0.05,E108,Returned
O1048,11/18/2024,C1033,P1009,4,275.81,0.12,E109,Delivered
O1049,12/22/2024,C1047,P1017,4,1299.01,0.07,E103,Pending
O1050,3/9/2025,C1193,P1043,5,184.25,0.14,E102,Delivered
O1051,5/30/2025,C1151,P1086,3,245.67,0.19,E109,Delivered
O1052,7/3/2025,C1096,P1074,2,668.04,0.17,E108,Pending
O1053,7/27/2024,C1083,P1068,3,301.51,0.11,E106,Returned
O1054,8/27/2024,C1097,P1044,4,930.13,0.01,E108,Delivered
O1055,11/16/2025,C1139,P1073,2,1382.4,0.15,E110,Returned
O1056,4/22/2024,C1042,P1029,5,432.81,0.1,E101,Delivered
O1057,8/31/2025,C1156,P1008,3,733.5,0.13,E113,Returned
O1058,3/1/2024,C1070,P1052,2,635.58,0.05,E110,Delivered
O1059,6/29/2024,C1067,P1100,1,611.03,0.18,E109,Returned
O1060,4/4/2024,C1039,P1064,3,553.75,0.09,E100,Pending
O1061,12/15/2025,C1019,P1094,2,1091.35,0.06,E114,Delivered
O1062,5/24/2025,C1195,P1018,4,1363.25,0.09,E111,Delivered
O1063,6/10/2025,C1046,P1026,4,1154.15,0.03,E109,Returned
O1064,2/28/2025,C1109,P1047,5,1179.98,0.06,E102,Returned
O1065,5/11/2024,C1133,P1082,5,1435.18,0.03,E110,Returned
O1066,9/20/2024,C1101,P1052,5,1359.91,0.06,E111,Pending
O1067,11/19/2024,C1011,P1062,5,946.57,0.15,E111,Pending
O1068,11/29/2025,C1010,P1061,3,471.13,0.07,E101,Pending
O1069,12/30/2024,C1012,P1082,3,1481.16,0.08,E101,Pending
O1070,9/1/2025,C1004,P1054,3,1075.07,0.13,E104,Returned
O1071,5/6/2025,C1098,P1031,5,987.27,0.15,E103,Delivered
O1072,9/29/2024,C1029,P1014,1,803.88,0.01,E114,Returned
O1073,9/7/2024,C1118,P1099,5,341.8,0.04,E103,Delivered
O1074,1/24/2025,C1035,P1040,5,585.03,0.12,E102,Delivered
O1075,1/28/2025,C1043,P1086,4,383.14,0.05,E102,Pending
O1076,9/6/2024,C1058,P1008,1,243.64,0.08,E108,Returned
O1077,1/16/2025,C1004,P1073,5,529.65,0.12,E114,Delivered
O1078,3/4/2025,C1078,P1051,2,1001.76,0,E103,Delivered
O1079,5/6/2025,C1150,P1044,4,1210.1,0.04,E108,Delivered
O1080,8/31/2024,C1191,P1046,5,1014,0.05,E109,Delivered
O1081,3/11/2024,C1177,P1040,4,303.26,0.02,E102,Pending
O1082,4/15/2025,C1105,P1087,2,1405.02,0.1,E101,Delivered
O1083,10/4/2024,C1037,P1022,3,1382.5,0.14,E112,Pending
O1084,9/18/2025,C1012,P1093,2,264,0.07,E104,Returned
O1085,9/7/2025,C1030,P1059,3,478.45,0.15,E112,Pending
O1086,5/20/2025,C1002,P1023,4,348.44,0.02,E103,Returned
O1087,12/30/2025,C1152,P1025,5,802.52,0.06,E103,Returned
O1088,12/15/2025,C1086,P1098,4,802.19,0.19,E113,Delivered
O1089,1/14/2025,C1183,P1007,2,1436.29,0.13,E114,Delivered
O1090,3/16/2024,C1009,P1072,4,460.78,0.12,E109,Pending
O1091,5/28/2024,C1083,P1009,1,374.38,0.06,E101,Pending
O1092,2/7/2024,C1124,P1005,1,136.69,0.01,E110,Delivered
O1093,8/4/2025,C1095,P1067,2,502.05,0.04,E114,Returned
O1094,12/21/2024,C1101,P1087,3,483.69,0.04,E100,Returned
O1095,10/1/2025,C1021,P1028,4,591.14,0.02,E100,Pending
O1096,4/8/2024,C1038,P1055,2,150.2,0.09,E113,Pending
O1097,10/19/2025,C1189,P1085,5,638.41,0.18,E111,Delivered
O1098,9/2/2025,C1141,P1059,3,815.23,0.11,E111,Pending
O1099,8/26/2024,C1049,P1012,1,1146.21,0.06,E105,Returned
O1100,10/21/2024,C1053,P1027,4,446.83,0.03,E100,Delivered
O1101,12/18/2024,C1155,P1006,1,333.36,0.03,E107,Returned
O1102,4/28/2024,C1129,P1039,3,867.85,0.05,E100,Delivered
O1103,10/15/2025,C1065,P1098,5,619.05,0.01,E112,Delivered
O1104,2/25/2024,C1130,P1025,2,1006.62,0.02,E104,Pending
O1105,2/14/2024,C1181,P1017,4,1053.36,0.18,E110,Returned
O1106,3/15/2025,C1124,P1062,3,1129.8,0.11,E112,Delivered
O1107,9/12/2025,C1196,P1051,1,428.77,0.2,E109,Returned
O1108,2/7/2024,C1038,P1070,5,170.66,0.04,E109,Pending
O1109,9/13/2024,C1143,P1024,1,76.5,0.07,E100,Pending
O1110,6/4/2025,C1023,P1026,2,982.16,0,E107,Pending
O1111,10/24/2024,C1086,P1050,5,30.04,0.13,E100,Returned
O1112,1/25/2024,C1095,P1019,2,1177.97,0.11,E111,Returned
O1113,6/23/2024,C1158,P1060,4,60.21,0.19,E102,Delivered
O1114,8/16/2024,C1190,P1048,2,611.06,0.09,E114,Delivered
O1115,9/14/2025,C1031,P1031,2,1091.34,0.11,E103,Delivered
O1116,4/26/2024,C1033,P1017,4,121.18,0.09,E109,Pending
O1117,7/7/2024,C1169,P1063,4,1050.62,0.2,E110,Delivered
O1118,1/12/2024,C1039,P1089,2,1202.88,0.09,E113,Pending
O1119,9/4/2025,C1023,P1037,5,1267.19,0.08,E102,Delivered
O1120,5/1/2025,C1191,P1044,2,572.1,0.19,E101,Returned
O1121,1/29/2025,C1039,P1086,1,1164.24,0.19,E105,Delivered
O1122,2/2/2025,C1117,P1053,1,876.19,0.18,E110,Delivered
O1123,8/26/2024,C1049,P1010,5,1371.49,0.17,E103,Delivered
O1124,10/9/2025,C1000,P1025,5,1214.92,0.03,E106,Pending
O1125,8/24/2025,C1190,P1009,2,32.17,0.03,E101,Returned
O1126,3/29/2024,C1159,P1006,2,956.86,0.19,E101,Pending
O1127,6/25/2024,C1137,P1016,5,381.51,0.03,E106,Returned
O1128,2/12/2024,C1159,P1083,1,298.17,0.06,E112,Pending
O1129,11/24/2024,C1141,P1038,4,306.03,0.1,E101,Returned
O1130,3/14/2024,C1142,P1004,4,578.53,0.11,E107,Pending
O1131,5/19/2025,C1017,P1044,5,942.81,0.17,E100,Returned
O1132,11/21/2024,C1089,P1083,3,1461.47,0.19,E107,Delivered
O1133,5/30/2024,C1016,P1087,5,737.52,0.17,E112,Returned
O1134,1/5/2025,C1039,P1031,1,927.69,0.12,E107,Returned
O1135,11/7/2025,C1000,P1026,3,100.97,0.07,E110,Delivered
O1136,2/17/2024,C1189,P1100,2,695.08,0.04,E114,Pending
O1137,1/29/2025,C1189,P1068,5,935.2,0.07,E110,Returned
O1138,12/13/2025,C1128,P1024,2,719.37,0.05,E102,Delivered
O1139,7/9/2024,C1115,P1040,3,120.23,0.17,E112,Pending
O1140,1/22/2025,C1020,P1020,4,701.19,0.19,E109,Returned
O1141,1/7/2025,C1195,P1087,3,863.41,0.04,E105,Returned
O1142,5/31/2025,C1186,P1066,5,532.73,0.06,E113,Pending
O1143,8/25/2025,C1011,P1088,1,1434.56,0.05,E103,Delivered
O1144,7/19/2024,C1093,P1056,1,56.33,0.15,E111,Returned
O1145,3/9/2025,C1026,P1094,3,1461.87,0.14,E113,Delivered
O1146,4/7/2025,C1117,P1025,4,964.59,0.16,E101,Pending
O1147,1/11/2024,C1067,P1031,2,1340.69,0.05,E107,Returned
O1148,11/20/2025,C1177,P1091,5,1216.76,0.09,E107,Returned
O1149,10/24/2024,C1150,P1081,4,467.77,0.11,E110,Delivered
O1150,8/24/2025,C1186,P1056,1,1271.67,0.2,E109,Pending
O1151,4/8/2024,C1136,P1014,3,300.87,0.18,E110,Pending
O1152,10/1/2025,C1029,P1040,3,1398.57,0.05,E100,Pending
O1153,2/14/2025,C1180,P1007,3,927.11,0.02,E110,Delivered
O1154,9/28/2024,C1020,P1032,2,675.64,0.14,E101,Pending
O1155,9/25/2024,C1001,P1030,4,1108.45,0.12,E108,Returned
O1156,7/31/2024,C1119,P1042,3,425.59,0.05,E104,Returned
O1157,11/19/2025,C1164,P1092,3,924.59,0.1,E102,Delivered
O1158,7/9/2024,C1019,P1022,2,505.09,0.06,E104,Pending
O1159,7/5/2024,C1041,P1066,5,999.85,0.1,E106,Delivered
O1160,12/16/2024,C1112,P1025,2,1077.25,0.19,E107,Delivered
O1161,11/27/2024,C1039,P1065,3,134.74,0.09,E113,Pending
O1162,12/3/2025,C1131,P1003,2,983.32,0.13,E110,Returned
O1163,4/17/2024,C1106,P1098,5,295.19,0.07,E108,Delivered
O1164,10/15/2024,C1068,P1063,1,476.7,0.11,E101,Returned
O1165,9/29/2025,C1170,P1032,1,647.91,0.18,E111,Returned
O1166,2/2/2024,C1192,P1038,2,798.77,0.11,E114,Delivered
O1167,9/30/2024,C1153,P1013,2,1317.92,0.08,E110,Returned
O1168,12/23/2024,C1020,P1019,4,1007.16,0.09,E103,Delivered
O1169,11/29/2024,C1183,P1059,3,1076.59,0.08,E110,Returned
O1170,4/2/2025,C1044,P1052,1,1406.92,0.19,E108,Pending
O1171,9/1/2024,C1113,P1046,4,415.08,0.02,E114,Returned
O1172,1/24/2024,C1171,P1023,1,551.03,0.18,E113,Returned
O1173,6/26/2025,C1016,P1022,1,178.43,0.11,E100,Returned
O1174,4/8/2025,C1051,P1013,2,835.05,0.05,E100,Pending
O1175,6/12/2025,C1029,P1075,4,316.12,0.14,E100,Pending
O1176,5/20/2024,C1124,P1018,5,672.72,0.12,E113,Returned
O1177,8/11/2024,C1087,P1035,5,889.97,0.16,E114,Delivered
O1178,9/17/2025,C1121,P1051,2,964.22,0.04,E111,Delivered
O1179,10/30/2025,C1006,P1072,5,1170.39,0.13,E103,Pending
O1180,11/27/2024,C1139,P1074,4,1476.95,0.07,E109,Returned
O1181,7/29/2025,C1158,P1066,3,1259.44,0.16,E109,Delivered
O1182,3/26/2024,C1189,P1100,4,1100.14,0.13,E100,Returned
O1183,8/26/2025,C1082,P1054,4,1463.16,0.01,E101,Delivered
O1184,6/14/2024,C1075,P1012,1,1374.79,0.02,E102,Delivered
O1185,12/9/2024,C1125,P1052,1,873.16,0.05,E105,Delivered
O1186,12/31/2024,C1099,P1064,2,942.65,0.01,E110,Returned
O1187,11/27/2025,C1018,P1029,4,627.47,0.05,E112,Returned
O1188,12/2/2024,C1025,P1076,5,969.8,0.08,E108,Delivered
O1189,8/20/2024,C1130,P1038,3,288.87,0.14,E113,Delivered
O1190,4/4/2024,C1028,P1043,2,1446.38,0.12,E110,Pending
O1191,6/15/2024,C1164,P1054,3,106.9,0.01,E114,Pending
O1192,4/23/2024,C1167,P1035,3,1018.1,0.19,E111,Returned
O1193,8/31/2025,C1109,P1003,4,216.65,0.12,E103,Pending
O1194,4/16/2024,C1043,P1079,4,890.62,0.07,E110,Pending
O1195,8/17/2025,C1134,P1066,5,549.67,0.1,E112,Pending
O1196,10/3/2024,C1074,P1005,1,323.33,0.07,E106,Pending
O1197,3/14/2024,C1179,P1097,4,454.37,0.04,E107,Returned
O1198,9/17/2025,C1175,P1051,1,440.19,0.14,E104,Returned
O1199,1/14/2024,C1022,P1022,5,563.17,0.17,E111,Returned
O1200,9/2/2025,C1030,P1022,2,492.78,0.08,E108,Delivered
O1201,1/3/2025,C1165,P1029,2,330.41,0.08,E107,Pending
O1202,10/11/2025,C1098,P1020,2,536.47,0.03,E105,Delivered
O1203,12/27/2025,C1128,P1017,2,950.62,0.06,E105,Returned
O1204,4/23/2024,C1085,P1089,3,1446.72,0.02,E110,Returned
O1205,5/15/2024,C1027,P1002,3,790.41,0.03,E102,Returned
O1206,4/22/2025,C1085,P1006,3,140.46,0.03,E108,Pending
O1207,5/7/2024,C1062,P1009,4,1115.57,0.17,E106,Delivered
O1208,2/16/2024,C1166,P1098,5,541.67,0.02,E103,Pending
O1209,2/22/2024,C1077,P1008,2,1378.71,0.09,E110,Delivered
O1210,5/23/2024,C1120,P1007,2,112.29,0.16,E107,Returned
O1211,11/4/2024,C1054,P1051,2,169.24,0.17,E104,Pending
O1212,4/10/2025,C1009,P1057,4,528.13,0.07,E105,Delivered
O1213,8/28/2025,C1123,P1029,2,871.38,0.07,E107,Pending
O1214,2/11/2024,C1064,P1041,5,96.63,0.02,E102,Pending
O1215,8/11/2025,C1171,P1077,1,1183.91,0.17,E112,Returned
O1216,10/18/2025,C1100,P1081,4,699.84,0.15,E110,Delivered
O1217,4/2/2024,C1103,P1045,4,1335.54,0.06,E105,Returned
O1218,3/17/2025,C1124,P1068,3,687.33,0.11,E113,Pending
O1219,3/4/2025,C1098,P1078,5,983.58,0.05,E111,Delivered
O1220,9/30/2024,C1147,P1002,4,115.25,0.17,E103,Delivered
O1221,11/11/2024,C1071,P1092,3,1446.51,0.17,E109,Delivered
O1222,10/17/2025,C1045,P1059,4,556.37,0.06,E102,Delivered
O1223,12/15/2024,C1134,P1083,1,535.45,0.13,E101,Pending
O1224,7/3/2025,C1033,P1038,3,42.54,0.17,E100,Returned
O1225,11/29/2025,C1170,P1033,5,848.68,0.13,E101,Delivered
O1226,12/11/2025,C1102,P1011,1,1073.93,0.11,E109,Pending
O1227,1/14/2024,C1083,P1012,1,623.89,0.14,E100,Delivered
O1228,6/5/2024,C1187,P1042,5,419.92,0,E104,Returned
O1229,1/20/2024,C1130,P1064,5,1276.3,0.03,E109,Delivered
O1230,7/29/2024,C1172,P1080,4,219.3,0.15,E103,Pending
O1231,5/28/2025,C1025,P1058,1,422.31,0.07,E105,Pending
O1232,5/1/2025,C1005,P1033,5,1018.71,0.11,E107,Returned
O1233,9/13/2025,C1145,P1075,3,367.59,0.19,E111,Returned
O1234,6/5/2024,C1114,P1018,3,253.9,0.08,E100,Pending
O1235,2/13/2024,C1001,P1018,4,447.18,0.17,E113,Returned
O1236,10/1/2024,C1086,P1095,2,487.01,0.19,E114,Pending
O1237,9/5/2024,C1193,P1005,1,1035.28,0.01,E104,Delivered
O1238,2/16/2025,C1013,P1032,2,697.04,0.08,E102,Pending
O1239,6/21/2024,C1109,P1056,5,1497.57,0.16,E106,Delivered
O1240,2/10/2025,C1111,P1093,3,105.25,0.01,E109,Pending
O1241,7/23/2024,C1112,P1040,1,1079.98,0.2,E100,Pending
O1242,10/4/2024,C1023,P1021,2,1267.63,0.02,E114,Delivered
O1243,8/8/2025,C1092,P1087,1,512.92,0.18,E106,Delivered
O1244,11/11/2024,C1042,P1041,1,953.75,0.03,E113,Delivered
O1245,10/26/2024,C1006,P1048,1,1237.61,0.14,E110,Delivered
O1246,11/19/2024,C1071,P1055,2,907.3,0.05,E101,Returned
O1247,12/11/2024,C1063,P1093,3,938.29,0.03,E111,Delivered
O1248,1/20/2025,C1119,P1075,4,1046.01,0.04,E105,Returned
O1249,11/22/2025,C1126,P1075,1,1070.42,0.05,E113,Pending
O1250,10/11/2025,C1038,P1072,2,1383.24,0.03,E105,Returned
O1251,4/23/2025,C1133,P1006,3,1116.85,0.01,E111,Pending
O1252,7/7/2024,C1056,P1045,4,730.61,0.06,E114,Delivered
O1253,4/18/2025,C1142,P1016,4,1002.58,0.01,E110,Delivered
O1254,6/30/2024,C1142,P1075,2,261.95,0.01,E112,Returned
O1255,7/6/2025,C1198,P1040,3,1443.66,0.07,E113,Pending
O1256,3/31/2025,C1127,P1015,1,580.29,0.06,E107,Pending
O1257,4/13/2024,C1035,P1002,3,634.01,0.05,E113,Returned
O1258,7/11/2024,C1153,P1096,2,925.49,0.09,E100,Returned
O1259,4/22/2024,C1147,P1094,4,39.26,0.01,E109,Returned
O1260,6/4/2025,C1088,P1060,2,434.22,0.1,E108,Delivered
O1261,2/26/2025,C1090,P1094,1,847.6,0.01,E104,Pending
O1262,11/29/2024,C1085,P1010,3,1246.66,0.19,E100,Pending
O1263,3/16/2025,C1035,P1059,4,406.61,0.07,E110,Pending
O1264,10/10/2024,C1185,P1099,4,1124.82,0.09,E102,Delivered
O1265,8/2/2025,C1052,P1098,5,303.5,0.14,E105,Delivered
O1266,2/7/2024,C1138,P1018,4,1071.22,0.07,E102,Delivered
O1267,7/8/2025,C1184,P1080,5,355.21,0.16,E110,Returned
O1268,7/8/2025,C1074,P1064,4,712.6,0.19,E107,Returned
O1269,12/2/2024,C1144,P1024,1,1344.22,0.07,E108,Returned
O1270,2/21/2024,C1150,P1099,1,65.26,0.16,E103,Returned
O1271,12/7/2025,C1125,P1095,1,273.7,0.05,E108,Delivered
O1272,4/12/2025,C1056,P1064,2,620.64,0.11,E104,Returned
O1273,9/29/2024,C1014,P1076,4,739.43,0.01,E109,Delivered
O1274,3/21/2024,C1039,P1004,2,261.51,0.19,E107,Returned
O1275,12/3/2024,C1196,P1068,3,1218.01,0.18,E105,Delivered
O1276,4/15/2024,C1099,P1054,4,627.31,0.17,E108,Returned
O1277,4/2/2024,C1155,P1045,3,1217.6,0.03,E108,Pending
O1278,12/29/2025,C1014,P1010,1,439.24,0.11,E112,Returned
O1279,1/15/2024,C1142,P1043,4,396.89,0.14,E108,Pending
O1280,2/14/2025,C1091,P1070,3,946.93,0.19,E110,Pending
O1281,9/28/2025,C1087,P1097,3,503.76,0.01,E108,Returned
O1282,6/30/2024,C1145,P1080,2,1346.53,0.1,E103,Pending
O1283,3/18/2025,C1041,P1056,5,1202.5,0.05,E107,Delivered
O1284,1/10/2024,C1077,P1065,1,56.96,0.18,E109,Pending
O1285,8/22/2025,C1068,P1073,2,883.57,0.06,E106,Returned
O1286,7/20/2025,C1130,P1045,1,1072.62,0.04,E110,Pending
O1287,3/30/2024,C1051,P1020,3,1031.48,0.12,E109,Pending
O1288,1/30/2025,C1126,P1021,3,717.93,0.19,E114,Returned
O1289,8/9/2024,C1057,P1100,5,573.33,0.19,E100,Delivered
O1290,11/19/2025,C1021,P1096,2,1172.35,0.02,E109,Returned
O1291,8/31/2025,C1071,P1042,4,499.57,0.14,E114,Delivered
O1292,7/14/2024,C1063,P1041,5,1228.65,0.1,E100,Returned
O1293,1/11/2024,C1187,P1059,2,75.52,0.1,E113,Delivered
O1294,8/7/2025,C1119,P1024,3,133.07,0.08,E113,Pending
O1295,9/20/2025,C1136,P1009,3,61.19,0.18,E101,Delivered
O1296,8/1/2025,C1034,P1091,2,26.37,0.07,E111,Returned
O1297,5/1/2024,C1005,P1078,2,369.7,0.09,E102,Delivered
O1298,6/19/2024,C1055,P1008,3,122.24,0.05,E110,Delivered
O1299,1/1/2025,C1078,P1070,1,744.1,0.09,E106,Returned
O1300,12/23/2024,C1147,P1021,1,1041.42,0.15,E112,Returned
O1301,12/2/2024,C1000,P1016,4,1332.07,0.13,E109,Returned
O1302,2/13/2024,C1128,P1061,5,1422.78,0.12,E109,Delivered
O1303,3/5/2025,C1090,P1023,4,197.73,0.19,E110,Returned
O1304,4/10/2025,C1016,P1087,2,541.06,0.01,E101,Returned
O1305,9/3/2025,C1162,P1049,4,335.94,0.2,E100,Delivered
O1306,1/1/2025,C1105,P1039,4,1256.31,0.03,E111,Returned
O1307,3/14/2025,C1153,P1092,5,1017.9,0.11,E114,Delivered
O1308,9/28/2025,C1012,P1049,5,812.37,0.14,E105,Pending
O1309,12/31/2025,C1170,P1096,1,129.75,0.11,E112,Returned
O1310,9/26/2024,C1147,P1058,1,214.89,0.14,E107,Pending
O1311,11/30/2024,C1025,P1018,3,323.56,0.02,E109,Returned
O1312,4/1/2024,C1038,P1042,1,913.93,0.04,E100,Pending
O1313,6/5/2024,C1054,P1021,3,1315.23,0.15,E104,Pending
O1314,12/28/2024,C1015,P1031,5,1430.74,0.08,E110,Returned
O1315,8/17/2024,C1151,P1061,2,805.72,0.15,E102,Returned
O1316,1/30/2024,C1191,P1013,3,988.55,0.04,E100,Returned
O1317,8/28/2024,C1122,P1075,2,1381.24,0.14,E114,Delivered
O1318,6/2/2025,C1090,P1043,2,1484.22,0.17,E105,Pending
O1319,8/18/2024,C1108,P1053,1,1157.53,0.07,E113,Returned
O1320,4/15/2025,C1179,P1084,2,244.87,0.1,E113,Returned
O1321,10/6/2024,C1061,P1080,1,1477.89,0.12,E104,Pending
O1322,8/5/2025,C1030,P1099,1,338.24,0.09,E106,Pending
O1323,11/4/2025,C1087,P1010,3,48.86,0.16,E114,Returned
O1324,10/29/2025,C1179,P1080,5,906.17,0.06,E101,Delivered
O1325,4/25/2025,C1059,P1075,1,724.6,0.18,E105,Delivered
O1326,4/23/2024,C1167,P1092,5,598.05,0.01,E114,Pending
O1327,11/5/2025,C1063,P1018,4,1120.49,0.09,E114,Delivered
O1328,8/28/2025,C1080,P1059,4,268.07,0.03,E113,Pending
O1329,4/22/2025,C1070,P1039,4,577.83,0.06,E100,Delivered
O1330,12/6/2024,C1176,P1027,2,1163.71,0.08,E104,Returned
O1331,10/21/2025,C1138,P1046,1,1341.41,0.06,E110,Returned
O1332,1/3/2024,C1156,P1045,3,518.62,0.1,E100,Pending
O1333,3/7/2024,C1160,P1061,2,975.7,0.1,E100,Pending
O1334,2/26/2025,C1095,P1018,3,240.36,0.07,E104,Pending
O1335,9/18/2025,C1099,P1064,4,171.49,0.2,E101,Pending
O1336,10/4/2025,C1126,P1038,3,1495.15,0.01,E100,Returned
O1337,2/18/2025,C1146,P1071,2,1222.31,0.01,E106,Pending
O1338,5/4/2025,C1105,P1065,3,994.05,0.13,E102,Returned
O1339,4/9/2025,C1009,P1082,5,725.45,0.06,E108,Delivered
O1340,3/5/2025,C1035,P1002,3,970.45,0.03,E110,Returned
O1341,9/3/2025,C1120,P1007,4,402.14,0.07,E104,Delivered
O1342,7/6/2024,C1016,P1094,2,1210.05,0.17,E114,Delivered
O1343,7/30/2024,C1045,P1062,1,1066.9,0.01,E104,Pending
O1344,1/7/2025,C1147,P1095,1,1167.88,0.07,E113,Pending
O1345,1/3/2025,C1011,P1003,1,1473.75,0.15,E103,Pending
O1346,11/26/2024,C1094,P1085,4,265.91,0.16,E104,Returned
O1347,7/11/2024,C1130,P1023,1,979.41,0.13,E108,Pending
O1348,11/14/2025,C1155,P1017,4,121.33,0.13,E106,Delivered
O1349,7/10/2025,C1037,P1083,4,1367.69,0.16,E111,Returned
O1350,2/10/2025,C1027,P1073,1,156.44,0.07,E111,Pending
O1351,4/5/2025,C1161,P1029,5,265.06,0.18,E100,Delivered
O1352,12/30/2025,C1012,P1036,3,1125.46,0.05,E102,Pending
O1353,10/4/2024,C1178,P1020,5,308.06,0.06,E100,Pending
O1354,10/26/2025,C1187,P1095,5,474.06,0.09,E109,Pending
O1355,6/7/2024,C1166,P1067,2,1028.76,0.13,E106,Returned
O1356,11/12/2025,C1027,P1045,1,933.44,0.04,E103,Pending
O1357,11/1/2025,C1065,P1094,4,157.74,0.12,E111,Pending
O1358,8/24/2024,C1043,P1050,1,169.58,0.16,E102,Delivered
O1359,10/20/2024,C1143,P1081,4,1106.74,0.04,E103,Returned
O1360,6/15/2025,C1007,P1095,4,208.92,0,E114,Pending
O1361,1/21/2025,C1168,P1090,1,849,0.06,E102,Delivered
O1362,6/20/2024,C1042,P1058,3,35.59,0.12,E108,Delivered
O1363,3/16/2024,C1178,P1004,3,310.95,0.16,E108,Pending
O1364,5/6/2024,C1076,P1050,1,281.26,0.16,E103,Returned
O1365,8/4/2025,C1167,P1094,1,1400.99,0.05,E110,Pending
O1366,7/5/2024,C1029,P1053,2,308.77,0.02,E101,Returned
O1367,5/26/2024,C1063,P1037,2,364.89,0.04,E114,Returned
O1368,10/22/2025,C1010,P1086,3,1215.27,0.06,E113,Pending
O1369,8/6/2025,C1012,P1030,4,178.09,0.01,E114,Delivered
O1370,6/5/2025,C1119,P1020,4,679.86,0.01,E105,Pending
O1371,12/26/2024,C1000,P1016,1,1105.14,0.14,E113,Returned
O1372,1/2/2025,C1071,P1007,1,1112.84,0,E110,Pending
O1373,1/20/2024,C1151,P1027,2,980.51,0.05,E104,Delivered
O1374,8/28/2025,C1108,P1032,4,1036.42,0.01,E101,Returned
O1375,2/15/2025,C1177,P1068,4,609.67,0.14,E107,Pending
O1376,7/13/2025,C1182,P1034,2,362.47,0.07,E113,Delivered
O1377,8/17/2024,C1016,P1045,2,112.86,0.14,E112,Pending
O1378,11/30/2025,C1101,P1087,3,1389.32,0.14,E103,Pending
O1379,12/26/2025,C1013,P1063,2,782.02,0.18,E113,Delivered
O1380,8/23/2024,C1104,P1031,1,1486.93,0.02,E110,Pending
O1381,5/2/2024,C1083,P1009,3,531.51,0.08,E104,Pending
O1382,12/13/2025,C1046,P1007,5,1287.98,0.03,E114,Returned
O1383,1/17/2025,C1151,P1034,1,1364.48,0.14,E106,Pending
O1384,11/4/2025,C1031,P1042,1,605.34,0.04,E101,Returned
O1385,2/2/2024,C1113,P1051,5,525.3,0.02,E105,Returned
O1386,6/12/2024,C1188,P1026,5,419.55,0.1,E114,Delivered
O1387,6/9/2024,C1142,P1044,5,1283.96,0.18,E102,Returned
O1388,1/7/2025,C1088,P1056,2,743.06,0.01,E106,Returned
O1389,5/27/2024,C1131,P1098,5,217.77,0.1,E112,Returned
O1390,12/27/2025,C1118,P1064,4,835.83,0.05,E102,Returned
O1391,4/4/2024,C1104,P1071,2,1040.55,0.01,E109,Returned
O1392,5/27/2024,C1017,P1071,3,251.95,0.11,E112,Returned
O1393,4/15/2025,C1187,P1066,1,1429.92,0.07,E106,Returned
O1394,5/27/2024,C1007,P1053,2,1174.41,0.05,E104,Returned
O1395,11/23/2025,C1018,P1002,3,244.71,0.02,E109,Returned
O1396,10/16/2025,C1033,P1022,1,1249.65,0.01,E102,Pending
O1397,8/22/2025,C1057,P1071,3,1037.51,0.16,E109,Returned
O1398,9/7/2025,C1021,P1029,5,1246.72,0.12,E114,Delivered
O1399,5/20/2024,C1110,P1026,5,616.69,0.17,E114,Returned
O1400,10/29/2025,C1090,P1089,5,867.72,0.12,E100,Delivered
O1401,9/26/2025,C1038,P1098,5,862.79,0.1,E103,Returned
O1402,2/26/2025,C1137,P1097,3,695.96,0.1,E109,Pending
O1403,7/3/2024,C1012,P1009,1,540.82,0.13,E104,Delivered
O1404,10/9/2024,C1020,P1009,3,1369.25,0.08,E107,Delivered
O1405,2/5/2025,C1110,P1043,4,1332.47,0.03,E107,Pending
O1406,9/9/2024,C1018,P1046,2,435.05,0.06,E105,Pending
O1407,1/17/2024,C1052,P1091,1,82.92,0.07,E100,Delivered
O1408,4/2/2025,C1019,P1073,2,1231.95,0.06,E111,Pending
O1409,9/13/2025,C1015,P1016,3,1229.61,0.01,E109,Returned
O1410,1/11/2024,C1003,P1093,5,723.35,0.04,E102,Returned
O1411,9/14/2024,C1153,P1031,3,375.6,0.04,E103,Returned
O1412,4/2/2024,C1155,P1084,3,1015,0.1,E113,Returned
O1413,5/24/2024,C1003,P1021,4,1024.65,0.07,E110,Returned
O1414,9/26/2024,C1160,P1045,5,1375.83,0.09,E107,Delivered
O1415,10/30/2025,C1116,P1084,1,286.25,0.01,E108,Pending
O1416,1/22/2025,C1113,P1100,3,453.33,0.13,E111,Pending
O1417,9/7/2025,C1178,P1010,3,391.99,0.07,E102,Delivered
O1418,7/17/2024,C1133,P1055,3,40.29,0.2,E113,Returned
O1419,11/27/2025,C1189,P1096,3,1250.12,0.15,E104,Pending
O1420,2/23/2025,C1175,P1097,4,550.64,0.06,E111,Returned
O1421,8/15/2024,C1188,P1087,2,495.66,0.04,E112,Pending
O1422,7/2/2024,C1151,P1008,4,1412.31,0.15,E107,Delivered
O1423,6/12/2025,C1121,P1089,5,1113.77,0.19,E112,Delivered
O1424,8/13/2025,C1100,P1051,1,420.85,0.14,E101,Pending
O1425,4/20/2024,C1164,P1039,1,1400.81,0.16,E111,Returned
O1426,5/31/2024,C1113,P1034,1,331.98,0.01,E101,Pending
O1427,1/20/2025,C1133,P1059,5,1214.46,0.11,E101,Delivered
O1428,6/5/2025,C1084,P1091,2,1109.38,0.13,E114,Returned
O1429,3/22/2025,C1156,P1080,4,275.39,0.01,E112,Returned
O1430,4/24/2025,C1000,P1090,3,1215.26,0.13,E114,Returned
O1431,2/7/2025,C1168,P1076,4,374.01,0.03,E111,Returned
O1432,9/12/2024,C1166,P1031,3,1312.23,0.15,E100,Pending
O1433,9/28/2024,C1109,P1080,3,1297.12,0.05,E107,Returned
O1434,3/7/2024,C1139,P1026,1,475.78,0.05,E102,Pending
O1435,3/1/2024,C1132,P1025,2,1258.24,0.03,E114,Pending
O1436,12/26/2024,C1138,P1036,2,1254.89,0.04,E100,Delivered
O1437,11/10/2025,C1100,P1007,1,940.48,0.13,E107,Delivered
O1438,8/3/2024,C1147,P1010,5,699.09,0.06,E114,Returned
O1439,8/21/2024,C1150,P1062,1,751.93,0.08,E103,Delivered
O1440,9/4/2025,C1052,P1070,4,1106.63,0.09,E112,Delivered
O1441,11/14/2025,C1096,P1025,1,303.44,0.19,E106,Delivered
O1442,2/21/2024,C1022,P1070,5,69.69,0.07,E111,Returned
O1443,7/1/2025,C1061,P1084,4,95.77,0.13,E106,Pending
O1444,6/24/2025,C1015,P1026,2,934.56,0.19,E114,Returned
O1445,9/2/2024,C1166,P1080,2,1336.75,0.12,E110,Delivered
O1446,8/17/2024,C1100,P1022,5,1056.79,0.18,E102,Delivered
O1447,8/6/2024,C1169,P1053,3,262.07,0.15,E107,Pending
O1448,4/24/2024,C1117,P1100,4,245.06,0.07,E104,Pending
O1449,1/17/2024,C1160,P1020,3,899.25,0.04,E105,Delivered
O1450,10/29/2025,C1126,P1016,4,442.23,0.13,E107,Returned
O1451,1/14/2025,C1166,P1007,2,42.76,0.06,E100,Returned
O1452,9/2/2025,C1031,P1006,4,1386.43,0.11,E106,Returned
O1453,1/12/2024,C1197,P1088,3,1430.35,0.1,E112,Delivered
O1454,8/15/2025,C1043,P1074,2,820.58,0.08,E100,Returned
O1455,8/9/2024,C1043,P1091,2,759.19,0.03,E107,Returned
O1456,11/17/2025,C1085,P1094,1,137.32,0.2,E113,Returned
O1457,4/28/2024,C1163,P1050,1,1044.38,0.14,E103,Returned
O1458,5/27/2025,C1143,P1070,1,408.26,0.05,E109,Pending
O1459,6/27/2024,C1026,P1083,3,298.57,0.17,E105,Pending
O1460,6/3/2024,C1090,P1079,2,742.34,0.04,E108,Delivered
O1461,11/8/2024,C1044,P1029,2,56.61,0.15,E101,Pending
O1462,12/20/2025,C1177,P1056,4,1434.42,0.04,E109,Returned
O1463,9/1/2025,C1084,P1090,3,892.33,0.04,E102,Delivered
O1464,10/29/2024,C1160,P1066,4,627.62,0.15,E103,Delivered
O1465,11/11/2025,C1153,P1006,4,249.6,0.1,E101,Delivered
O1466,4/7/2024,C1185,P1055,5,1059.44,0.12,E113,Returned
O1467,11/24/2024,C1005,P1058,3,848.44,0.08,E110,Returned
O1468,11/17/2025,C1117,P1092,1,1261.86,0.13,E111,Pending
O1469,11/24/2025,C1140,P1057,1,1036.19,0.09,E102,Delivered
O1470,10/2/2024,C1062,P1061,2,678.72,0.14,E113,Delivered
O1471,5/7/2025,C1141,P1015,3,1436.24,0.11,E103,Delivered
O1472,4/30/2024,C1160,P1019,5,431.68,0.16,E107,Returned
O1473,7/15/2024,C1062,P1052,5,438.97,0.09,E105,Delivered
O1474,12/18/2025,C1180,P1073,3,388.25,0.05,E112,Pending
O1475,7/16/2024,C1062,P1099,3,891.84,0.09,E108,Pending
O1476,2/22/2025,C1090,P1026,4,282.97,0.07,E102,Returned
O1477,9/17/2024,C1192,P1060,1,1375.62,0.07,E114,Pending
O1478,6/6/2024,C1060,P1061,1,1320.83,0.11,E112,Pending
O1479,3/5/2025,C1153,P1035,1,732.8,0.18,E111,Pending
O1480,3/19/2025,C1185,P1075,1,1114.65,0.02,E101,Returned
O1481,3/22/2025,C1050,P1076,2,530.96,0.09,E114,Returned
O1482,2/5/2024,C1170,P1075,1,320.23,0.09,E113,Returned
O1483,10/29/2024,C1160,P1013,1,1365.15,0.1,E113,Pending
O1484,3/30/2024,C1090,P1054,3,1055.77,0.13,E112,Pending
O1485,7/8/2024,C1072,P1036,2,1196.43,0.14,E106,Delivered
O1486,12/1/2024,C1109,P1083,3,1291.48,0.01,E106,Returned
O1487,3/14/2024,C1158,P1056,2,1459.16,0,E100,Pending
O1488,9/18/2024,C1079,P1082,3,598.82,0.14,E104,Returned
O1489,7/8/2025,C1021,P1033,2,1165.38,0.02,E102,Delivered
O1490,5/27/2025,C1010,P1078,5,368.86,0.07,E109,Pending
O1491,2/15/2024,C1050,P1062,3,48.89,0.08,E102,Returned
O1492,7/28/2025,C1013,P1067,2,1396.44,0.18,E113,Delivered
O1493,7/15/2025,C1058,P1076,2,1292.62,0.18,E104,Pending
O1494,4/14/2024,C1146,P1054,3,913.09,0.14,E107,Returned
O1495,7/23/2025,C1130,P1088,3,1212.02,0.18,E114,Returned
O1496,6/7/2025,C1110,P1040,1,186.01,0.15,E105,Returned
O1497,7/19/2024,C1153,P1035,4,1226.29,0.1,E104,Delivered
O1498,11/19/2024,C1079,P1092,2,155.74,0.17,E111,Pending
O1499,7/4/2025,C1032,P1060,4,980.16,0.09,E110,Delivered
O1500,6/15/2025,C1098,P1023,4,1229.06,0.1,E109,Returned
O1501,10/7/2025,C1185,P1047,1,668.35,0.2,E109,Returned
O1502,4/9/2024,C1195,P1063,1,782.6,0.07,E104,Delivered
O1503,11/2/2025,C1012,P1081,5,1489.87,0.08,E101,Pending
O1504,5/29/2024,C1031,P1050,3,576.57,0.18,E102,Returned
O1505,2/10/2025,C1027,P1043,5,461.56,0.05,E114,Returned
O1506,6/11/2025,C1098,P1100,4,78.64,0.01,E103,Delivered
O1507,7/31/2024,C1132,P1078,5,1244.48,0.18,E110,Pending
O1508,1/22/2025,C1163,P1060,4,1313.23,0.11,E105,Pending
O1509,1/22/2024,C1083,P1066,2,750.85,0.09,E102,Delivered
O1510,4/3/2025,C1056,P1012,4,1256.35,0.1,E104,Pending
O1511,3/27/2025,C1041,P1020,1,817.04,0.08,E104,Returned
O1512,10/15/2025,C1059,P1013,1,640.06,0.05,E108,Delivered
O1513,2/7/2024,C1136,P1017,2,295.44,0.13,E112,Delivered
O1514,6/19/2025,C1008,P1045,4,371.04,0.18,E100,Delivered
O1515,6/29/2025,C1013,P1005,2,324.59,0.12,E110,Delivered
O1516,9/19/2024,C1086,P1081,4,606.86,0.16,E101,Delivered
O1517,11/29/2025,C1137,P1044,2,650.58,0.1,E101,Delivered
O1518,7/6/2025,C1170,P1003,2,1263.12,0.13,E103,Delivered
O1519,1/20/2025,C1154,P1066,1,963.82,0.05,E101,Delivered
O1520,9/5/2025,C1087,P1005,3,918.9,0.15,E111,Delivered
O1521,6/14/2024,C1049,P1076,2,825.08,0.09,E100,Delivered
O1522,5/14/2024,C1194,P1054,3,533.45,0.13,E109,Delivered
O1523,4/20/2024,C1124,P1079,5,344.69,0.12,E114,Delivered
O1524,3/28/2025,C1075,P1080,3,743.67,0.08,E106,Returned
O1525,2/2/2025,C1139,P1090,4,1225.01,0.09,E102,Delivered
O1526,9/8/2025,C1048,P1040,4,438.42,0.07,E100,Pending
O1527,2/6/2024,C1002,P1012,2,1329.57,0.11,E106,Delivered
O1528,10/19/2024,C1024,P1098,1,948.97,0.19,E102,Pending
O1529,3/12/2024,C1115,P1048,4,985.05,0.07,E110,Returned
O1530,10/23/2024,C1116,P1010,5,950.91,0.17,E114,Pending
O1531,1/27/2024,C1061,P1100,5,1439.18,0.16,E110,Returned
O1532,11/2/2024,C1092,P1094,5,798.48,0.03,E112,Returned
O1533,11/26/2024,C1197,P1069,3,819.67,0.09,E108,Delivered
O1534,6/29/2025,C1129,P1065,1,1408.01,0.12,E110,Delivered
O1535,9/21/2025,C1176,P1072,2,372.41,0.03,E105,Pending
O1536,10/27/2024,C1018,P1030,4,1426.15,0.17,E108,Pending
O1537,7/7/2025,C1140,P1084,2,228.65,0.18,E101,Pending
O1538,12/31/2025,C1036,P1084,4,625.21,0.01,E113,Returned
O1539,10/12/2025,C1017,P1071,2,1466.34,0.14,E106,Delivered
O1540,7/19/2024,C1149,P1065,3,87.56,0.16,E104,Returned
O1541,7/27/2024,C1107,P1040,2,771.96,0.18,E103,Delivered
O1542,5/18/2025,C1014,P1005,2,1158.44,0.16,E106,Returned
O1543,8/25/2025,C1005,P1017,4,1239.13,0.06,E107,Delivered
O1544,6/30/2025,C1053,P1014,5,1162.85,0.12,E114,Delivered
O1545,6/21/2024,C1036,P1013,5,110.97,0.01,E105,Pending
O1546,6/16/2024,C1161,P1077,4,595.15,0.07,E102,Delivered
O1547,3/23/2025,C1111,P1084,5,1116.38,0.07,E107,Delivered
O1548,7/15/2025,C1008,P1005,3,1012.57,0.02,E101,Delivered
O1549,11/16/2025,C1083,P1037,5,759.01,0.06,E108,Pending
O1550,10/20/2025,C1164,P1023,3,112.68,0.02,E105,Delivered
O1551,2/22/2025,C1129,P1045,5,895.51,0.15,E109,Delivered
O1552,4/16/2024,C1088,P1071,5,760.59,0.11,E105,Pending
O1553,10/9/2025,C1119,P1019,5,829.34,0.05,E101,Returned
O1554,11/20/2025,C1037,P1030,3,1193.54,0.13,E101,Delivered
O1555,4/25/2025,C1154,P1060,4,1342.54,0.03,E113,Pending
O1556,9/26/2025,C1010,P1096,5,138.72,0.06,E104,Delivered
O1557,12/9/2025,C1064,P1054,1,1093.75,0.07,E103,Delivered
O1558,3/23/2024,C1141,P1002,2,1004.63,0.13,E114,Delivered
O1559,1/10/2024,C1077,P1024,5,1249.05,0.07,E112,Delivered
O1560,8/6/2025,C1137,P1057,4,747.84,0.08,E114,Delivered
O1561,5/2/2024,C1188,P1076,3,643.7,0.01,E111,Returned
O1562,5/2/2025,C1151,P1066,5,293.89,0,E100,Pending
O1563,11/30/2024,C1012,P1011,4,1180.45,0.03,E113,Returned
O1564,8/19/2024,C1020,P1055,1,894.64,0.18,E102,Pending
O1565,1/7/2024,C1070,P1096,4,1186.35,0.07,E113,Delivered
O1566,11/14/2025,C1001,P1045,2,200.22,0.03,E103,Pending
O1567,2/17/2025,C1016,P1074,2,1177.78,0.16,E106,Returned
O1568,1/15/2025,C1171,P1035,4,306.9,0.07,E100,Delivered
O1569,1/8/2025,C1050,P1041,5,1296.67,0.05,E113,Returned
O1570,11/17/2025,C1029,P1046,4,741.96,0.09,E106,Delivered
O1571,11/22/2025,C1019,P1024,2,81.54,0.01,E101,Delivered
O1572,7/9/2025,C1183,P1091,1,327.21,0,E114,Pending
O1573,10/24/2024,C1193,P1070,1,886.84,0.13,E108,Pending
O1574,7/28/2024,C1027,P1043,3,55.27,0.14,E109,Delivered
O1575,9/16/2025,C1174,P1067,1,800.74,0.16,E112,Returned
O1576,2/7/2024,C1134,P1017,2,1346.37,0.05,E106,Delivered
O1577,5/2/2024,C1174,P1065,2,1356.29,0.18,E103,Pending
O1578,1/6/2025,C1098,P1018,3,1456.18,0.01,E104,Returned
O1579,9/13/2024,C1173,P1010,1,614.23,0.13,E105,Delivered
O1580,5/20/2024,C1042,P1072,1,561.2,0.02,E108,Delivered
O1581,8/16/2024,C1090,P1057,3,499.61,0.02,E102,Delivered
O1582,10/27/2024,C1070,P1012,5,1457.14,0.18,E101,Returned
O1583,1/9/2024,C1015,P1078,1,1485.95,0.01,E107,Returned
O1584,6/6/2025,C1102,P1065,3,286.83,0.11,E102,Pending
O1585,8/7/2025,C1112,P1081,5,1193.02,0.02,E112,Returned
O1586,4/23/2024,C1153,P1015,1,472.2,0.08,E111,Returned
O1587,6/20/2024,C1050,P1061,2,536.33,0.06,E107,Pending
O1588,11/18/2025,C1130,P1015,5,844.78,0.08,E105,Pending
O1589,10/13/2025,C1014,P1027,4,567.06,0.06,E111,Pending
O1590,6/27/2024,C1083,P1050,4,678.06,0.02,E110,Returned
O1591,3/1/2025,C1136,P1053,2,271.96,0.1,E113,Delivered
O1592,6/3/2025,C1116,P1075,4,1109.1,0.04,E111,Delivered
O1593,12/24/2024,C1150,P1092,2,910.26,0,E106,Returned
O1594,4/10/2025,C1180,P1006,5,1231.96,0.17,E111,Returned
O1595,1/23/2024,C1107,P1072,1,613.58,0.15,E114,Returned
O1596,5/25/2024,C1143,P1014,3,187.18,0.13,E114,Returned
O1597,6/18/2024,C1130,P1067,3,914.35,0.03,E110,Pending
O1598,5/28/2025,C1020,P1059,1,1429.48,0.17,E113,Pending
O1599,6/1/2025,C1034,P1062,1,407.13,0.05,E113,Pending
O1600,3/13/2025,C1009,P1027,2,1117.89,0.08,E101,Delivered
O1601,12/6/2025,C1108,P1081,3,773.84,0.14,E103,Returned
O1602,11/14/2025,C1166,P1029,2,140.38,0.2,E108,Delivered
O1603,2/28/2025,C1190,P1058,3,206.31,0.13,E105,Delivered
O1604,8/16/2024,C1126,P1057,1,242.72,0.06,E101,Pending
O1605,9/16/2024,C1040,P1032,5,1485.47,0.15,E100,Pending
O1606,7/12/2024,C1081,P1048,3,1479.64,0.07,E108,Delivered
O1607,1/15/2025,C1011,P1024,1,644.43,0.16,E105,Returned
O1608,10/5/2024,C1122,P1054,5,203.05,0.09,E104,Pending
O1609,12/4/2025,C1059,P1041,1,1247.84,0.13,E101,Delivered
O1610,10/2/2025,C1103,P1062,4,881.51,0.17,E111,Returned
O1611,2/18/2025,C1123,P1023,1,360.6,0.19,E108,Returned
O1612,7/3/2024,C1174,P1016,3,117.46,0.05,E101,Pending
O1613,7/25/2024,C1078,P1083,5,127.58,0.07,E100,Returned
O1614,12/26/2025,C1180,P1042,5,790.72,0.04,E113,Delivered
O1615,3/12/2025,C1129,P1075,3,771.63,0.19,E112,Returned
O1616,9/29/2024,C1055,P1048,1,1255.39,0.12,E104,Delivered
O1617,5/21/2025,C1124,P1095,5,239.67,0.14,E106,Delivered
O1618,12/1/2024,C1151,P1037,3,856.54,0.15,E106,Returned
O1619,1/1/2024,C1044,P1037,3,1425.1,0.11,E113,Delivered
O1620,11/4/2025,C1168,P1042,5,1339.51,0.16,E105,Returned
O1621,8/7/2025,C1129,P1055,5,48.67,0.16,E110,Returned
O1622,8/15/2025,C1030,P1050,5,1023.02,0,E105,Pending
O1623,1/28/2024,C1143,P1071,4,735.42,0.19,E108,Pending
O1624,2/26/2025,C1180,P1036,2,29.36,0.18,E113,Returned
O1625,1/20/2024,C1000,P1042,3,187.63,0.07,E113,Pending
O1626,7/16/2025,C1043,P1063,3,1479.87,0.16,E101,Pending
O1627,1/22/2024,C1134,P1096,4,356.44,0.04,E100,Delivered
O1628,6/1/2025,C1161,P1071,1,288.75,0.15,E100,Pending
O1629,1/6/2025,C1118,P1082,2,1190.38,0.09,E111,Returned
O1630,8/7/2024,C1094,P1099,5,868.89,0.17,E110,Delivered
O1631,6/29/2024,C1030,P1068,5,970.22,0.04,E107,Returned
O1632,8/11/2024,C1132,P1029,1,700.72,0.06,E112,Returned
O1633,5/21/2024,C1169,P1003,3,984.11,0.04,E108,Returned
O1634,8/14/2024,C1190,P1044,4,112.62,0.06,E103,Delivered
O1635,6/22/2025,C1118,P1017,3,868.67,0.09,E104,Pending
O1636,4/20/2024,C1132,P1016,3,1314.89,0.18,E113,Returned
O1637,11/21/2025,C1183,P1025,2,887.64,0.08,E105,Pending
O1638,4/9/2025,C1153,P1037,4,936.13,0.12,E113,Returned
O1639,8/9/2024,C1158,P1028,3,1031.7,0.13,E103,Pending
O1640,8/5/2025,C1007,P1040,1,427.89,0.06,E107,Pending
O1641,3/28/2024,C1006,P1033,5,938.52,0.11,E102,Pending
O1642,2/19/2024,C1020,P1088,3,422.6,0.01,E108,Returned
O1643,12/14/2025,C1004,P1078,1,767.47,0.05,E113,Delivered
O1644,6/11/2025,C1195,P1069,5,39.84,0.06,E106,Pending
O1645,10/7/2024,C1165,P1100,4,1333.02,0.16,E100,Pending
O1646,12/30/2025,C1135,P1022,3,1346.57,0.15,E106,Returned
O1647,11/1/2024,C1007,P1036,2,1010.12,0.06,E102,Returned
O1648,7/29/2025,C1144,P1096,2,512.48,0.03,E107,Returned
O1649,2/17/2025,C1068,P1089,4,293.31,0.18,E114,Returned
O1650,2/4/2024,C1024,P1058,2,359.06,0.17,E112,Pending
O1651,9/17/2025,C1189,P1074,5,112.67,0.19,E104,Delivered
O1652,1/12/2024,C1167,P1082,5,1088.94,0.14,E108,Delivered
O1653,4/22/2025,C1159,P1060,1,944.71,0.19,E105,Delivered
O1654,3/19/2025,C1149,P1073,4,376.23,0.12,E107,Delivered
O1655,8/9/2024,C1024,P1098,3,1499.92,0.17,E104,Returned
O1656,4/16/2025,C1144,P1057,3,1350.81,0.14,E112,Returned
O1657,11/14/2025,C1196,P1070,1,579.27,0.15,E100,Delivered
O1658,12/16/2025,C1199,P1083,2,341.02,0.15,E110,Delivered
O1659,2/3/2024,C1126,P1020,4,629.2,0,E102,Delivered
O1660,10/3/2025,C1148,P1060,1,485.04,0.09,E106,Returned
O1661,4/15/2024,C1193,P1028,4,1255.77,0.17,E110,Returned
O1662,1/22/2025,C1003,P1048,2,684.14,0.2,E101,Delivered
O1663,11/22/2025,C1007,P1005,5,740.43,0.07,E112,Returned
O1664,8/10/2025,C1138,P1092,4,464.19,0.17,E100,Delivered
O1665,9/16/2024,C1056,P1073,3,562.59,0.01,E108,Returned
O1666,12/11/2025,C1185,P1090,1,746.14,0.02,E100,Pending
O1667,7/14/2024,C1170,P1074,3,257.33,0.12,E103,Delivered
O1668,3/7/2025,C1158,P1078,3,592.52,0.07,E104,Pending
O1669,4/30/2024,C1174,P1017,4,1243.27,0.11,E113,Delivered
O1670,2/28/2024,C1048,P1007,5,70.5,0.14,E108,Returned
O1671,5/19/2024,C1130,P1099,3,721.21,0.05,E110,Returned
O1672,12/31/2025,C1162,P1062,4,160.21,0.13,E102,Pending
O1673,1/1/2025,C1111,P1021,3,175.88,0,E105,Delivered
O1674,4/8/2024,C1180,P1071,3,851.73,0.18,E103,Delivered
O1675,9/6/2024,C1009,P1044,2,1245.46,0.01,E114,Returned
O1676,12/7/2025,C1001,P1031,3,1111.05,0.19,E113,Pending
O1677,2/8/2024,C1067,P1090,1,488.99,0.19,E105,Delivered
O1678,5/6/2025,C1164,P1028,1,352.01,0.14,E112,Delivered
O1679,7/8/2025,C1049,P1019,4,321.43,0.07,E112,Delivered
O1680,4/20/2024,C1007,P1037,4,686.33,0.04,E112,Delivered
O1681,1/12/2025,C1189,P1070,5,851.19,0.03,E107,Pending
O1682,11/23/2024,C1094,P1079,2,1114.54,0.12,E102,Pending
O1683,1/8/2024,C1175,P1097,2,71.7,0.12,E100,Returned
O1684,7/18/2024,C1089,P1018,1,47.38,0.09,E104,Pending
O1685,12/30/2025,C1023,P1060,1,135.33,0.1,E101,Delivered
O1686,1/19/2025,C1058,P1054,5,1405.41,0.16,E112,Pending
O1687,6/17/2024,C1033,P1005,1,534.02,0.15,E100,Pending
O1688,10/26/2024,C1135,P1068,4,689.01,0.14,E106,Returned
O1689,7/4/2024,C1148,P1077,2,123.56,0.12,E104,Delivered
O1690,6/1/2025,C1180,P1096,4,488.48,0.1,E102,Delivered
O1691,4/18/2024,C1068,P1095,5,68.52,0.08,E106,Pending
O1692,8/12/2024,C1132,P1038,5,348,0.12,E112,Delivered
O1693,4/15/2024,C1036,P1079,1,709.34,0.14,E101,Pending
O1694,11/22/2025,C1065,P1098,1,202.74,0.15,E102,Returned
O1695,7/17/2024,C1000,P1088,3,93.85,0.09,E102,Delivered
O1696,8/11/2024,C1140,P1050,3,1124.91,0.01,E104,Returned
O1697,4/28/2024,C1177,P1059,5,509.22,0.09,E101,Pending
O1698,3/28/2025,C1046,P1065,1,451.12,0.13,E110,Delivered
O1699,12/11/2025,C1058,P1098,5,1071.17,0.07,E107,Delivered
O1700,10/20/2024,C1124,P1072,4,1105.44,0.05,E108,Pending
O1701,5/19/2025,C1161,P1097,1,1117.37,0.18,E105,Delivered
O1702,10/17/2025,C1072,P1079,4,221.99,0.02,E114,Delivered
O1703,11/13/2025,C1028,P1098,5,587.9,0.11,E111,Pending
O1704,12/23/2025,C1143,P1067,1,207.01,0.18,E109,Pending
O1705,8/31/2025,C1088,P1058,2,1151.86,0.08,E110,Pending
O1706,10/29/2025,C1173,P1049,1,781.44,0.02,E112,Pending
O1707,10/10/2024,C1136,P1052,1,580.47,0.05,E110,Delivered
O1708,5/7/2025,C1008,P1025,1,1056.25,0.03,E111,Pending
O1709,10/15/2025,C1081,P1035,1,180.33,0.09,E112,Returned
O1710,12/8/2024,C1028,P1021,3,130,0.02,E103,Returned
O1711,9/5/2025,C1052,P1029,3,1110.73,0.16,E105,Delivered
O1712,6/29/2025,C1180,P1058,2,189.67,0.02,E104,Returned
O1713,11/30/2025,C1173,P1039,4,402.53,0.14,E114,Pending
O1714,3/3/2024,C1121,P1043,3,649,0.13,E105,Delivered
O1715,12/16/2024,C1017,P1008,4,496.36,0.06,E108,Delivered
O1716,5/26/2025,C1006,P1036,5,614.57,0.01,E113,Delivered
O1717,11/17/2024,C1087,P1021,3,1296.99,0.07,E109,Returned
O1718,6/23/2025,C1036,P1028,3,1018.96,0.08,E100,Delivered
O1719,5/19/2024,C1174,P1077,5,509.01,0.01,E105,Delivered
O1720,1/6/2024,C1019,P1081,1,1486.51,0.07,E108,Pending
O1721,5/21/2025,C1134,P1036,1,1198.49,0.16,E105,Delivered
O1722,7/18/2024,C1166,P1034,1,1080.24,0.03,E100,Returned
O1723,2/15/2025,C1151,P1074,5,128.2,0.1,E100,Pending
O1724,7/5/2024,C1074,P1047,1,1410.3,0.19,E105,Returned
O1725,6/3/2024,C1068,P1086,4,554.42,0.18,E104,Returned
O1726,3/13/2024,C1080,P1040,1,658.36,0.07,E113,Returned
O1727,4/4/2024,C1055,P1050,2,448.19,0.08,E104,Delivered
O1728,3/7/2024,C1096,P1074,1,1153,0.16,E100,Pending
O1729,2/10/2025,C1117,P1094,1,965.19,0.04,E105,Delivered
O1730,12/20/2025,C1084,P1036,1,744.93,0.12,E113,Returned
O1731,5/11/2024,C1113,P1074,5,373.2,0.1,E107,Returned
O1732,4/11/2024,C1171,P1004,5,974.82,0.14,E110,Returned
O1733,7/28/2025,C1054,P1009,3,1393.6,0.02,E100,Returned
O1734,11/18/2024,C1056,P1099,5,941.31,0.17,E103,Delivered
O1735,12/22/2025,C1127,P1007,1,265.22,0.13,E111,Pending
O1736,10/7/2024,C1185,P1004,2,943.52,0.09,E110,Returned
O1737,5/12/2024,C1055,P1074,4,1493.56,0.1,E100,Delivered
O1738,4/20/2025,C1127,P1026,3,432.76,0.08,E100,Delivered
O1739,10/22/2025,C1152,P1030,3,386.6,0.2,E109,Pending
O1740,7/25/2024,C1071,P1059,4,1145.33,0.08,E104,Returned
O1741,8/29/2025,C1064,P1008,5,642.66,0.18,E105,Pending
O1742,6/7/2025,C1148,P1052,1,711.29,0.11,E111,Delivered
O1743,5/23/2024,C1054,P1072,2,350.23,0.15,E111,Returned
O1744,1/7/2024,C1158,P1051,5,1206.98,0.16,E109,Delivered
O1745,1/29/2025,C1029,P1081,4,1335.46,0.17,E104,Delivered
O1746,7/23/2025,C1091,P1022,4,286.66,0.17,E104,Delivered
O1747,4/8/2024,C1155,P1060,1,1014.67,0.11,E107,Delivered
O1748,4/13/2025,C1132,P1074,3,456.02,0.11,E102,Returned
O1749,6/26/2024,C1174,P1036,5,727.72,0.2,E102,Returned
O1750,7/15/2025,C1060,P1009,1,97.94,0.17,E104,Pending
O1751,3/20/2025,C1026,P1075,1,448.91,0.11,E113,Delivered
O1752,8/17/2024,C1100,P1005,4,280.81,0.08,E110,Delivered
O1753,1/29/2025,C1161,P1064,4,104.9,0.14,E112,Delivered
O1754,3/13/2025,C1059,P1053,1,1423.32,0.1,E102,Returned
O1755,4/27/2025,C1087,P1061,3,1387.77,0.12,E101,Delivered
O1756,3/12/2024,C1128,P1086,4,707.41,0.06,E101,Pending
O1757,6/4/2025,C1153,P1054,3,505.13,0.11,E105,Delivered
O1758,3/10/2024,C1174,P1037,1,1243.53,0.13,E100,Returned
O1759,3/21/2024,C1053,P1079,2,1237.7,0.17,E110,Delivered
O1760,5/30/2024,C1007,P1035,3,689.73,0.11,E111,Delivered
O1761,5/1/2025,C1090,P1077,4,314.05,0.12,E103,Pending
O1762,1/27/2024,C1123,P1010,2,1330.32,0.18,E109,Pending
O1763,5/25/2025,C1076,P1035,4,1488.8,0.08,E107,Returned
O1764,8/9/2025,C1120,P1006,3,849.96,0.2,E114,Returned
O1765,12/23/2025,C1126,P1094,2,1272.8,0.16,E104,Delivered
O1766,10/21/2024,C1118,P1075,1,452.67,0.14,E103,Pending
O1767,6/24/2025,C1155,P1079,3,1231.01,0.07,E107,Pending
O1768,7/11/2025,C1058,P1075,1,710.67,0.11,E113,Returned
O1769,6/12/2024,C1141,P1072,4,757.12,0.18,E113,Delivered
O1770,4/1/2025,C1061,P1055,3,149.86,0.11,E109,Returned
O1771,2/8/2025,C1191,P1083,2,548.61,0.15,E100,Returned
O1772,1/1/2025,C1036,P1067,1,537.98,0.18,E111,Pending
O1773,8/28/2024,C1003,P1052,2,174.18,0.08,E103,Returned
O1774,7/16/2024,C1163,P1039,2,1320.31,0.17,E111,Returned
O1775,2/11/2024,C1160,P1020,1,760.01,0.06,E102,Delivered
O1776,5/23/2025,C1170,P1002,3,357.42,0.06,E106,Pending
O1777,11/9/2025,C1168,P1036,3,347.6,0.06,E110,Delivered
O1778,8/3/2025,C1098,P1082,2,247.19,0.11,E109,Returned
O1779,7/4/2025,C1195,P1021,4,381.73,0.1,E113,Delivered
O1780,2/1/2024,C1143,P1013,1,404.39,0.12,E106,Delivered
O1781,4/12/2024,C1197,P1058,2,1395.3,0.15,E113,Pending
O1782,3/26/2024,C1018,P1095,2,1001.98,0.12,E108,Delivered
O1783,10/5/2024,C1049,P1085,5,325.86,0.09,E103,Delivered
O1784,9/1/2024,C1158,P1019,3,1227.48,0.11,E111,Pending
O1785,9/25/2024,C1150,P1023,5,1407.89,0.13,E102,Returned
O1786,8/24/2024,C1034,P1082,2,1110.63,0.16,E100,Returned
O1787,9/7/2025,C1080,P1045,5,542.36,0.16,E106,Pending
O1788,5/30/2024,C1178,P1017,2,892.77,0.04,E103,Delivered
O1789,1/23/2024,C1052,P1042,2,1349.41,0.02,E101,Returned
O1790,9/15/2024,C1019,P1044,2,1139.26,0.01,E104,Pending
O1791,7/5/2025,C1006,P1072,1,1320.78,0.13,E103,Delivered
O1792,6/8/2025,C1189,P1073,2,472.59,0.09,E105,Delivered
O1793,1/24/2024,C1199,P1097,4,294.18,0.14,E102,Pending
O1794,8/31/2025,C1185,P1063,3,1048.63,0.16,E108,Delivered
O1795,6/12/2025,C1040,P1082,2,450.89,0.12,E102,Pending
O1796,2/27/2024,C1174,P1073,3,1063.2,0.04,E113,Pending
O1797,4/13/2024,C1045,P1058,2,1293.82,0.12,E103,Delivered
O1798,11/28/2025,C1114,P1029,2,897.98,0.05,E103,Returned
O1799,5/14/2025,C1008,P1062,4,676.61,0.19,E105,Returned
O1800,10/7/2025,C1092,P1003,1,1310.31,0,E108,Delivered
O1801,6/20/2024,C1182,P1028,5,1175.27,0.2,E100,Pending
O1802,10/5/2024,C1048,P1081,1,285.87,0.18,E100,Pending
O1803,6/15/2024,C1106,P1010,5,485.48,0.01,E108,Pending
O1804,11/29/2024,C1037,P1050,5,147.33,0.02,E107,Delivered
O1805,6/13/2025,C1160,P1004,2,584.61,0.04,E110,Returned
O1806,11/27/2024,C1131,P1050,3,570.14,0.09,E100,Returned
O1807,4/28/2025,C1144,P1041,4,704.79,0.1,E109,Pending
O1808,7/9/2024,C1138,P1034,2,1168.7,0.11,E112,Pending
O1809,6/24/2024,C1190,P1004,3,476.4,0.01,E102,Delivered
O1810,7/18/2024,C1016,P1097,1,1422.64,0.04,E104,Pending
O1811,10/21/2025,C1025,P1060,4,1062.69,0.03,E113,Delivered
O1812,6/15/2024,C1174,P1004,5,69.93,0.09,E114,Delivered
O1813,3/20/2024,C1023,P1001,3,109.77,0.09,E114,Returned
O1814,1/3/2024,C1075,P1065,1,1423.42,0.01,E104,Returned
O1815,11/7/2024,C1046,P1098,2,788.41,0.05,E102,Pending
O1816,2/10/2025,C1100,P1072,2,1356.57,0.01,E112,Returned
O1817,11/26/2025,C1034,P1086,4,1183.7,0.08,E100,Pending
O1818,6/11/2025,C1046,P1065,4,1142.19,0.13,E101,Pending
O1819,11/18/2025,C1119,P1091,5,1038.4,0.18,E111,Delivered
O1820,9/6/2025,C1006,P1018,1,96.45,0.1,E104,Delivered
O1821,7/12/2025,C1083,P1001,4,1267.58,0.08,E111,Delivered
O1822,12/24/2024,C1106,P1081,2,773.75,0.16,E106,Pending
O1823,1/28/2025,C1070,P1034,2,1328.99,0.05,E102,Delivered
O1824,8/29/2025,C1102,P1021,1,1044.59,0.02,E108,Returned
O1825,4/8/2024,C1181,P1060,4,1378.94,0.19,E101,Returned
O1826,7/24/2025,C1193,P1019,4,774.12,0.15,E107,Returned
O1827,12/4/2025,C1038,P1039,3,861.51,0.07,E100,Pending
O1828,4/13/2024,C1028,P1014,1,901.24,0.01,E106,Delivered
O1829,11/24/2025,C1055,P1065,5,665.12,0.05,E100,Returned
O1830,2/17/2025,C1019,P1066,5,1489.89,0.03,E114,Returned
O1831,10/10/2024,C1143,P1011,3,1253.31,0.17,E100,Delivered
O1832,7/4/2025,C1054,P1032,1,1124.32,0.05,E113,Returned
O1833,9/19/2025,C1012,P1071,3,565.25,0.1,E108,Returned
O1834,4/18/2025,C1179,P1043,4,820.85,0.13,E108,Pending
O1835,6/28/2024,C1048,P1056,5,515.69,0.14,E112,Pending
O1836,9/24/2025,C1043,P1043,1,1460.99,0.18,E100,Pending
O1837,11/25/2024,C1163,P1097,2,822.94,0.19,E109,Delivered
O1838,4/15/2025,C1154,P1028,3,1266.55,0.19,E100,Delivered
O1839,11/8/2024,C1165,P1079,4,179.43,0.02,E104,Returned
O1840,1/16/2025,C1119,P1017,4,48.91,0.11,E105,Pending
O1841,6/20/2025,C1140,P1015,2,445.57,0.19,E100,Returned
O1842,12/28/2025,C1058,P1068,2,723.4,0.12,E110,Pending
O1843,3/28/2024,C1159,P1078,5,328.95,0.12,E107,Returned
O1844,12/31/2025,C1126,P1082,2,1035.09,0.07,E111,Returned
O1845,4/27/2025,C1146,P1081,3,379.31,0.05,E111,Pending
O1846,11/19/2024,C1103,P1093,3,996.38,0.08,E103,Pending
O1847,9/18/2024,C1122,P1095,2,595.9,0.06,E110,Returned
O1848,10/31/2024,C1043,P1036,4,438.71,0.19,E103,Delivered
O1849,6/26/2025,C1126,P1016,5,806.81,0.2,E113,Delivered
O1850,6/10/2024,C1025,P1012,4,798.4,0.16,E109,Delivered
O1851,5/18/2024,C1085,P1032,2,958.22,0.05,E103,Delivered
O1852,12/16/2024,C1100,P1034,3,1285.86,0.04,E102,Returned
O1853,8/12/2025,C1043,P1091,4,388.68,0.14,E102,Pending
O1854,4/30/2024,C1155,P1080,5,1153.45,0.12,E104,Returned
O1855,5/5/2025,C1144,P1056,4,490.83,0.17,E103,Delivered
O1856,2/15/2024,C1067,P1005,1,1416.92,0.14,E104,Returned
O1857,5/10/2025,C1141,P1003,3,644.05,0.05,E107,Returned
O1858,1/11/2024,C1147,P1032,5,506.83,0.07,E104,Pending
O1859,2/11/2025,C1072,P1057,3,642.42,0.16,E110,Returned
O1860,8/16/2024,C1002,P1089,2,86.22,0.09,E108,Pending
O1861,3/7/2024,C1017,P1002,5,64.95,0.09,E114,Delivered
O1862,5/21/2024,C1183,P1032,3,111.46,0.1,E102,Pending
O1863,1/14/2025,C1130,P1061,2,1397.8,0.03,E113,Pending
O1864,3/9/2024,C1098,P1002,4,168.94,0.16,E112,Returned
O1865,4/4/2024,C1170,P1084,3,843.57,0.14,E103,Returned
O1866,4/15/2025,C1198,P1076,2,676.02,0.16,E110,Delivered
O1867,10/22/2025,C1105,P1057,2,1265.5,0.1,E113,Delivered
O1868,8/15/2024,C1133,P1031,3,1095.25,0.03,E108,Pending
O1869,2/10/2024,C1045,P1052,5,274.38,0.16,E108,Pending
O1870,4/2/2024,C1197,P1025,2,96.96,0.17,E100,Pending
O1871,8/1/2024,C1180,P1080,2,1150.78,0.05,E111,Pending
O1872,3/26/2024,C1080,P1098,1,319.69,0.07,E112,Delivered
O1873,2/11/2025,C1165,P1053,4,564.73,0,E101,Pending
O1874,4/28/2024,C1128,P1011,3,1298.38,0.13,E112,Delivered
O1875,10/9/2025,C1143,P1042,1,523.52,0.06,E103,Returned
O1876,10/10/2024,C1161,P1018,1,67.27,0.11,E105,Delivered
O1877,12/24/2024,C1053,P1060,5,395.56,0.17,E103,Returned
O1878,1/28/2024,C1126,P1019,4,96.69,0.02,E110,Returned
O1879,9/13/2025,C1190,P1043,1,1058.32,0.05,E104,Pending
O1880,7/1/2024,C1148,P1041,2,842.21,0.06,E109,Pending
O1881,1/5/2024,C1159,P1043,1,1423.19,0.1,E103,Pending
O1882,11/25/2025,C1028,P1028,1,1363.91,0.18,E108,Delivered
O1883,5/21/2025,C1001,P1075,1,293.43,0.05,E109,Delivered
O1884,5/20/2024,C1087,P1090,2,353.55,0.18,E105,Pending
O1885,12/3/2024,C1138,P1009,2,842.15,0.12,E114,Returned
O1886,10/27/2024,C1179,P1062,3,176.93,0.04,E113,Pending
O1887,6/23/2025,C1122,P1092,1,949.48,0.13,E114,Pending
O1888,5/23/2025,C1092,P1025,3,627.14,0.09,E114,Delivered
O1889,12/12/2024,C1144,P1013,4,498.5,0.05,E106,Delivered
O1890,11/15/2024,C1075,P1035,3,544.26,0.08,E107,Returned
O1891,4/15/2025,C1067,P1010,4,719.39,0.17,E112,Returned
O1892,12/14/2025,C1172,P1064,4,199,0.05,E114,Delivered
O1893,11/14/2024,C1099,P1095,3,1473.67,0.09,E106,Pending
O1894,7/4/2025,C1162,P1092,1,734.22,0.19,E113,Returned
O1895,1/10/2025,C1078,P1027,4,1086.54,0.11,E107,Pending
O1896,5/28/2024,C1048,P1079,2,582.05,0,E104,Delivered
O1897,7/2/2025,C1061,P1052,3,1003.99,0.05,E104,Returned
O1898,1/21/2024,C1062,P1096,5,1000.99,0.07,E109,Delivered
O1899,8/30/2025,C1094,P1041,2,1145.83,0.15,E102,Delivered
O1900,8/8/2025,C1194,P1068,5,891.95,0.03,E104,Returned
O1901,5/2/2024,C1000,P1039,4,1168.4,0.07,E113,Returned
O1902,3/19/2025,C1176,P1014,5,973.79,0.18,E100,Returned
O1903,11/26/2024,C1071,P1064,3,551.85,0.12,E112,Pending
O1904,6/6/2025,C1075,P1012,3,912.9,0.13,E104,Pending
O1905,11/7/2025,C1061,P1070,3,687.66,0.12,E108,Delivered
O1906,9/16/2025,C1086,P1087,5,1267.25,0.17,E102,Pending
O1907,3/25/2025,C1043,P1085,1,1179.94,0.18,E101,Returned
O1908,12/30/2025,C1132,P1096,1,747.33,0.02,E106,Pending
O1909,12/11/2024,C1119,P1012,5,609.3,0.1,E105,Returned
O1910,10/7/2025,C1160,P1061,4,1150.19,0.14,E106,Returned
O1911,2/28/2024,C1029,P1058,3,139.9,0.07,E109,Pending
O1912,4/1/2025,C1100,P1038,2,1164.74,0.05,E112,Pending
O1913,3/13/2025,C1170,P1054,1,718.92,0.08,E111,Delivered
O1914,9/8/2025,C1163,P1100,5,359.24,0,E112,Delivered
O1915,12/12/2024,C1100,P1050,2,1053.11,0.2,E101,Pending
O1916,11/1/2024,C1195,P1028,3,1205.9,0.09,E102,Delivered
O1917,11/8/2025,C1054,P1094,1,534.5,0.03,E106,Returned
O1918,11/23/2024,C1109,P1086,2,1457.43,0.07,E101,Delivered
O1919,1/29/2024,C1017,P1056,5,248.39,0,E112,Returned
O1920,9/26/2024,C1104,P1033,2,822.46,0.07,E108,Delivered
O1921,9/30/2025,C1175,P1035,2,1423.87,0.08,E105,Pending
O1922,3/11/2025,C1195,P1091,1,495.86,0.12,E106,Delivered
O1923,12/9/2025,C1120,P1042,2,996.97,0.18,E113,Pending
O1924,1/10/2024,C1017,P1018,2,1394.26,0.06,E114,Returned
O1925,6/1/2025,C1080,P1082,1,1161.95,0.12,E105,Delivered
O1926,3/1/2024,C1199,P1034,3,1004.21,0.01,E110,Delivered
O1927,10/19/2024,C1151,P1091,3,1482.46,0.17,E113,Delivered
O1928,11/3/2024,C1017,P1006,5,1422.49,0.11,E114,Returned
O1929,10/17/2024,C1104,P1026,1,602.76,0.07,E100,Returned
O1930,12/14/2024,C1082,P1040,1,1326.8,0.11,E112,Delivered
O1931,8/18/2025,C1157,P1069,2,1033.17,0.18,E110,Returned
O1932,3/11/2024,C1102,P1039,1,829.16,0.06,E107,Delivered
O1933,10/16/2025,C1073,P1014,1,150.41,0.03,E113,Delivered
O1934,8/10/2025,C1056,P1015,4,266.45,0.1,E104,Pending
O1935,5/24/2025,C1141,P1029,4,357.19,0.1,E106,Returned
O1936,7/9/2025,C1003,P1056,4,1462.54,0,E111,Delivered
O1937,8/6/2025,C1017,P1034,5,1438.77,0.01,E106,Returned
O1938,12/18/2025,C1056,P1096,5,518.73,0.13,E100,Returned
O1939,6/18/2024,C1079,P1021,4,1357.44,0,E111,Delivered
O1940,9/22/2025,C1072,P1048,4,223.28,0.04,E104,Delivered
O1941,6/26/2024,C1111,P1087,5,630.5,0.2,E110,Delivered
O1942,6/27/2025,C1133,P1029,2,667.35,0.02,E103,Returned
O1943,2/20/2024,C1057,P1074,2,541.49,0.14,E114,Pending
O1944,2/25/2024,C1029,P1074,5,351.58,0.14,E113,Pending
O1945,7/10/2024,C1064,P1086,4,1402.26,0.1,E106,Returned
O1946,6/18/2024,C1152,P1100,2,1243.56,0.02,E106,Delivered
O1947,1/31/2025,C1163,P1010,2,183,0.18,E112,Delivered
O1948,8/2/2025,C1099,P1020,3,278.84,0.05,E112,Delivered
O1949,2/3/2024,C1105,P1010,4,1247,0.04,E112,Pending
O1950,3/8/2025,C1088,P1078,1,338.74,0.01,E109,Delivered
O1951,8/23/2025,C1106,P1058,4,218.93,0.12,E105,Returned
O1952,10/13/2025,C1194,P1033,4,1136.12,0.19,E103,Delivered
O1953,12/21/2024,C1122,P1080,4,1088.33,0.02,E108,Pending
O1954,9/30/2025,C1071,P1002,1,814.37,0.03,E105,Pending
O1955,6/20/2025,C1070,P1021,5,1097.16,0.16,E109,Returned
O1956,4/16/2024,C1063,P1033,5,307.79,0.19,E102,Returned
O1957,1/28/2025,C1195,P1015,1,1415.32,0.2,E110,Delivered
O1958,10/28/2024,C1135,P1080,4,347.51,0,E113,Pending
O1959,1/22/2025,C1040,P1086,3,639.59,0.08,E104,Pending
O1960,11/21/2025,C1027,P1016,2,996.94,0.13,E106,Returned
O1961,3/4/2025,C1110,P1012,1,247.4,0.1,E110,Returned
O1962,11/6/2024,C1158,P1088,1,412.11,0.2,E111,Returned
O1963,4/4/2024,C1127,P1047,3,607.74,0.07,E108,Delivered
O1964,11/27/2025,C1026,P1035,2,1185.57,0,E102,Delivered
O1965,12/22/2024,C1155,P1002,5,416.86,0.18,E108,Returned
O1966,6/2/2025,C1136,P1100,1,887.84,0.07,E105,Pending
O1967,3/25/2025,C1159,P1016,4,603.14,0.04,E104,Returned
O1968,9/18/2024,C1043,P1023,5,35.14,0.15,E111,Delivered
O1969,6/1/2025,C1087,P1083,1,841.64,0.06,E111,Pending
O1970,7/8/2025,C1081,P1062,2,1067.52,0.12,E107,Delivered
O1971,1/30/2024,C1157,P1068,1,1042.61,0.08,E104,Pending
O1972,11/20/2024,C1012,P1003,1,1421.18,0.01,E104,Delivered
O1973,2/8/2025,C1125,P1026,3,1395.24,0.06,E107,Returned
O1974,12/5/2025,C1033,P1060,3,1036.71,0.04,E108,Pending
O1975,5/17/2025,C1113,P1032,3,1104.57,0.16,E106,Delivered
O1976,5/19/2024,C1151,P1029,4,1264.52,0.2,E114,Delivered
O1977,3/15/2024,C1044,P1058,5,1099.64,0.12,E103,Pending
O1978,9/13/2025,C1040,P1048,4,759.76,0.07,E110,Pending
O1979,10/5/2025,C1054,P1002,2,883.85,0.11,E110,Returned
O1980,1/27/2025,C1005,P1063,1,974.64,0.09,E103,Pending
O1981,6/8/2024,C1048,P1086,2,977.36,0.05,E111,Pending
O1982,1/22/2024,C1031,P1073,4,27.09,0.05,E113,Returned
O1983,6/8/2025,C1175,P1044,2,1490.39,0.05,E110,Returned
O1984,5/26/2025,C1141,P1002,5,1400.23,0.15,E108,Pending
O1985,3/24/2025,C1099,P1067,2,1353.57,0.15,E102,Pending
O1986,3/10/2025,C1100,P1037,5,681.36,0.09,E103,Returned
O1987,12/16/2025,C1166,P1022,3,150.27,0.03,E105,Pending
O1988,10/18/2024,C1063,P1083,5,185.29,0.12,E101,Returned
O1989,2/4/2024,C1191,P1017,2,1407.83,0.05,E106,Delivered
O1990,6/17/2025,C1033,P1063,5,1309.02,0.17,E100,Pending
O1991,8/29/2025,C1057,P1035,4,347.67,0.03,E109,Pending
O1992,2/14/2025,C1055,P1055,5,404.83,0.09,E107,Returned
O1993,8/18/2024,C1114,P1064,1,1356.14,0.05,E105,Returned
O1994,9/7/2024,C1021,P1042,1,1319.19,0.04,E114,Returned
O1995,4/26/2025,C1132,P1051,1,461.62,0.03,E114,Delivered
O1996,7/14/2025,C1137,P1028,5,480.39,0.14,E103,Pending
O1997,1/13/2024,C1136,P1035,3,1086.78,0.18,E108,Returned
O1998,1/12/2025,C1028,P1045,4,893.41,0.15,E109,Delivered
O1999,6/29/2024,C1148,P1025,4,1175.06,0.01,E104,Returned
O2000,12/16/2024,C1015,P1079,4,215.41,0.07,E105,Pending
O2001,8/29/2024,C1181,P1052,3,1125.22,0.12,E106,Delivered
O2002,10/10/2025,C1030,P1013,4,902.98,0.15,E101,Delivered
O2003,8/11/2025,C1119,P1014,4,428.31,0.13,E110,Delivered
O2004,12/23/2025,C1106,P1010,3,346.45,0.07,E104,Returned
O2005,9/28/2024,C1140,P1063,2,924.91,0.16,E113,Pending
O2006,9/12/2025,C1100,P1023,2,1479.16,0.15,E106,Delivered
O2007,11/12/2025,C1138,P1022,3,1293.66,0.02,E113,Returned
O2008,5/26/2024,C1128,P1089,2,862.48,0.11,E113,Pending
O2009,5/18/2024,C1197,P1046,3,906.52,0.05,E109,Delivered
O2010,10/15/2025,C1058,P1018,4,467.26,0.18,E108,Returned
O2011,2/10/2024,C1138,P1093,2,1486.86,0.01,E104,Returned
O2012,5/6/2025,C1114,P1079,5,450.32,0.14,E104,Delivered
O2013,4/15/2025,C1036,P1060,1,1101.78,0.13,E110,Pending
O2014,9/25/2025,C1070,P1043,1,882.92,0.05,E102,Returned
O2015,2/5/2025,C1037,P1081,1,839.32,0.12,E113,Pending
O2016,3/20/2025,C1139,P1001,3,468.36,0.05,E113,Delivered
O2017,3/26/2024,C1187,P1034,5,700.12,0.16,E112,Returned
O2018,5/18/2024,C1007,P1066,2,329.95,0.05,E112,Delivered
O2019,1/17/2024,C1007,P1075,2,627.8,0.03,E100,Pending
O2020,5/19/2024,C1111,P1013,2,398.69,0.01,E100,Delivered
O2021,9/2/2025,C1055,P1025,3,932.85,0.09,E113,Pending
O2022,11/24/2024,C1121,P1009,5,797.47,0.15,E102,Delivered
O2023,9/22/2024,C1084,P1042,3,1266.07,0.06,E102,Delivered
O2024,7/7/2025,C1094,P1012,1,1145.56,0.11,E105,Pending
O2025,9/6/2024,C1126,P1088,5,1391.08,0.14,E103,Pending
O2026,6/30/2024,C1063,P1099,2,1012.93,0.1,E111,Delivered
O2027,8/15/2025,C1120,P1034,4,1167.93,0.02,E113,Returned
O2028,12/14/2025,C1076,P1012,5,303.15,0.07,E103,Delivered
O2029,12/26/2024,C1095,P1016,2,1197.61,0.16,E101,Pending
O2030,8/8/2025,C1002,P1029,4,1003.18,0.05,E109,Returned
O2031,1/7/2024,C1072,P1063,3,720.58,0.14,E108,Delivered
O2032,1/26/2024,C1184,P1066,4,562.92,0.18,E105,Pending
O2033,10/26/2024,C1070,P1077,1,1455.83,0.15,E113,Delivered
O2034,1/4/2024,C1195,P1068,3,1234.48,0.11,E110,Pending
O2035,1/19/2024,C1146,P1051,5,333.14,0.01,E101,Pending
O2036,9/25/2024,C1073,P1020,5,456.52,0.19,E104,Delivered
O2037,1/2/2024,C1027,P1065,1,220.73,0.09,E114,Returned
O2038,2/3/2024,C1167,P1018,5,1464.76,0.1,E112,Returned
O2039,9/26/2024,C1113,P1012,4,1357.52,0.18,E112,Pending
O2040,3/4/2025,C1149,P1063,1,706.64,0.06,E111,Delivered
O2041,7/3/2025,C1177,P1049,4,915.36,0.03,E108,Pending
O2042,8/22/2025,C1102,P1081,5,1474.1,0.02,E111,Pending
O2043,2/9/2024,C1034,P1043,5,1291.65,0,E112,Delivered
O2044,12/28/2025,C1199,P1046,1,251.58,0.19,E107,Returned
O2045,8/27/2024,C1170,P1092,5,1221.13,0.01,E113,Delivered
O2046,3/26/2024,C1027,P1086,3,1097.37,0.18,E110,Returned
O2047,6/29/2025,C1136,P1044,2,497.28,0.12,E100,Returned
O2048,12/16/2024,C1091,P1069,4,1217.3,0,E103,Delivered
O2049,8/29/2025,C1032,P1083,3,868.73,0.16,E110,Delivered
O2050,10/18/2025,C1057,P1075,2,200.94,0.14,E106,Pending
O2051,3/18/2024,C1045,P1038,2,1040.46,0.18,E100,Pending
O2052,8/12/2024,C1038,P1096,2,770.41,0.18,E113,Pending
O2053,7/19/2024,C1131,P1056,1,499.57,0.17,E110,Pending
O2054,12/10/2024,C1087,P1070,4,330.86,0.18,E108,Pending
O2055,1/9/2025,C1036,P1012,3,806.82,0.01,E111,Returned
O2056,5/11/2024,C1071,P1064,5,493.24,0.03,E100,Pending
O2057,5/25/2025,C1183,P1028,4,1235.25,0.1,E107,Returned
O2058,10/6/2024,C1176,P1077,3,211.48,0.09,E109,Returned
O2059,1/6/2025,C1047,P1071,4,839.83,0.02,E104,Returned
O2060,6/9/2024,C1108,P1092,5,945.41,0.06,E112,Returned
O2061,3/28/2024,C1174,P1032,5,620.79,0.05,E110,Returned
O2062,7/31/2025,C1094,P1031,1,311.08,0.08,E107,Delivered
O2063,1/11/2025,C1066,P1033,4,652.83,0.18,E112,Pending
O2064,6/15/2024,C1191,P1013,5,1318.25,0.05,E114,Delivered
O2065,8/3/2025,C1142,P1056,2,512.74,0.07,E106,Returned
O2066,8/27/2025,C1110,P1065,5,254.28,0.18,E107,Returned
O2067,8/30/2025,C1184,P1090,5,862.74,0.03,E101,Delivered
O2068,12/2/2024,C1140,P1033,4,1091.52,0.03,E108,Returned
O2069,8/27/2024,C1104,P1065,1,89.63,0.08,E105,Delivered
O2070,3/28/2025,C1154,P1047,2,1106.53,0.07,E106,Returned
O2071,12/8/2024,C1163,P1026,5,1128.66,0.06,E106,Returned
O2072,12/28/2024,C1195,P1091,5,118.92,0.18,E114,Delivered
O2073,12/22/2025,C1123,P1067,5,379.04,0.11,E109,Pending
O2074,9/15/2025,C1116,P1095,3,187.89,0.1,E104,Returned
O2075,12/30/2025,C1182,P1037,1,948.92,0.06,E114,Pending
O2076,2/5/2025,C1079,P1030,4,422.63,0.18,E112,Pending
O2077,1/7/2024,C1137,P1034,1,1362.26,0.1,E110,Returned
O2078,12/29/2025,C1005,P1085,3,35.16,0.04,E110,Delivered
O2079,5/27/2025,C1003,P1059,2,774.55,0,E105,Returned
O2080,12/18/2025,C1030,P1010,2,242.84,0.03,E103,Delivered
O2081,11/19/2025,C1115,P1001,2,1265.42,0.16,E101,Delivered
O2082,5/26/2025,C1088,P1002,4,1108.76,0,E107,Pending
O2083,7/21/2024,C1113,P1072,4,1348.25,0.08,E114,Delivered
O2084,6/10/2024,C1146,P1033,2,1101.93,0.11,E101,Pending
O2085,4/25/2024,C1039,P1051,2,252.07,0.15,E107,Delivered
O2086,5/18/2024,C1100,P1049,3,1082.91,0.17,E112,Returned
O2087,8/6/2024,C1073,P1043,2,1117.3,0.14,E100,Pending
O2088,2/10/2025,C1005,P1001,3,435.13,0.09,E109,Returned
O2089,11/15/2025,C1078,P1073,5,721.73,0.02,E114,Delivered
O2090,2/19/2025,C1030,P1092,1,306.29,0.18,E108,Delivered
O2091,8/18/2024,C1190,P1099,3,1492.97,0.05,E110,Returned
O2092,12/6/2024,C1094,P1036,2,807.27,0.1,E107,Pending
O2093,7/1/2024,C1089,P1029,4,1078.56,0.02,E112,Pending
O2094,11/2/2025,C1157,P1032,3,1190.97,0.17,E113,Pending
O2095,1/2/2025,C1158,P1038,3,1211.07,0.19,E109,Delivered
O2096,4/4/2025,C1162,P1062,2,1373.89,0.18,E105,Delivered
O2097,10/18/2024,C1062,P1066,3,1116.84,0.05,E102,Returned
O2098,8/22/2025,C1083,P1023,3,450.42,0.14,E110,Returned
O2099,3/18/2024,C1060,P1069,3,60.86,0.1,E113,Returned
O2100,10/3/2024,C1034,P1010,1,1394.65,0.11,E113,Returned
O2101,8/25/2024,C1031,P1047,3,1233.66,0.03,E104,Returned
O2102,1/13/2024,C1012,P1078,2,506.21,0.02,E114,Delivered
O2103,11/3/2025,C1078,P1049,2,456.99,0.19,E107,Delivered
O2104,7/30/2025,C1101,P1082,1,594.06,0.06,E106,Pending
O2105,11/9/2024,C1175,P1047,4,744.14,0.19,E112,Delivered
O2106,10/11/2025,C1177,P1064,1,757,0.06,E109,Delivered
O2107,6/26/2024,C1092,P1063,1,1138.49,0.15,E112,Delivered
O2108,6/11/2024,C1142,P1034,3,580.47,0.12,E109,Pending
O2109,10/29/2025,C1033,P1063,1,1359.66,0.03,E102,Pending
O2110,12/7/2024,C1163,P1090,4,1073.69,0.16,E110,Delivered
O2111,11/15/2025,C1183,P1033,4,313.3,0.19,E103,Pending
O2112,2/25/2025,C1128,P1082,1,946.44,0.1,E105,Returned
O2113,7/11/2025,C1003,P1095,4,345.54,0,E102,Delivered
O2114,12/7/2025,C1072,P1002,3,1056.6,0.09,E106,Returned
O2115,12/21/2024,C1173,P1049,5,321.17,0.09,E110,Delivered
O2116,10/7/2025,C1002,P1079,4,685.7,0.1,E104,Returned
O2117,3/19/2024,C1135,P1026,1,27.43,0.17,E113,Returned
O2118,10/25/2024,C1047,P1051,5,813.24,0.2,E112,Delivered
O2119,3/23/2024,C1058,P1088,3,613.69,0.02,E106,Returned
O2120,11/15/2025,C1032,P1026,1,1177.82,0.07,E104,Delivered
O2121,7/4/2024,C1034,P1050,5,1237.57,0.02,E106,Pending
O2122,2/5/2024,C1062,P1009,2,1426.03,0.05,E105,Delivered
O2123,3/15/2024,C1020,P1053,1,1339.68,0.09,E106,Returned
O2124,4/17/2025,C1193,P1079,1,56.6,0.19,E105,Pending
O2125,9/4/2024,C1171,P1072,2,32.19,0.05,E104,Pending
O2126,3/9/2025,C1018,P1083,5,492.12,0.01,E103,Delivered
O2127,7/21/2024,C1054,P1023,1,984.85,0.13,E102,Delivered
O2128,9/23/2024,C1158,P1003,1,583.96,0.15,E105,Returned
O2129,10/10/2024,C1133,P1054,5,790.29,0.19,E102,Pending
O2130,4/28/2025,C1050,P1079,1,428.68,0.09,E100,Pending
O2131,10/6/2024,C1093,P1007,2,351.78,0.16,E100,Pending
O2132,6/1/2025,C1058,P1081,2,1034.34,0.01,E100,Delivered
O2133,3/31/2025,C1108,P1060,1,247.56,0.08,E104,Delivered
O2134,9/1/2025,C1099,P1078,4,312.3,0.17,E107,Delivered
O2135,7/18/2025,C1039,P1078,3,27.61,0.17,E106,Pending
O2136,1/1/2025,C1187,P1094,2,963.56,0.2,E109,Pending
O2137,12/17/2024,C1152,P1036,2,833.19,0.11,E106,Delivered
O2138,3/22/2025,C1061,P1017,4,1198.99,0.05,E109,Delivered
O2139,4/28/2025,C1136,P1020,3,960.78,0.13,E100,Pending
O2140,9/16/2025,C1060,P1007,3,389.33,0.17,E114,Returned
O2141,10/28/2024,C1138,P1069,5,659.51,0.19,E112,Delivered
O2142,11/14/2025,C1019,P1041,5,1330.58,0.04,E101,Pending
O2143,1/28/2024,C1033,P1004,5,942.63,0.1,E107,Delivered
O2144,10/23/2024,C1130,P1098,1,677.77,0.08,E111,Pending
O2145,7/19/2024,C1150,P1088,4,933.71,0.13,E101,Returned
O2146,4/23/2025,C1026,P1022,4,781.08,0.04,E102,Returned
O2147,1/22/2024,C1167,P1043,3,836.19,0.1,E106,Delivered
O2148,2/22/2024,C1016,P1028,3,1107.59,0.16,E106,Returned
O2149,2/23/2024,C1023,P1018,3,503.73,0.06,E111,Pending
O2150,12/10/2025,C1133,P1099,2,1082.93,0.16,E110,Returned
O2151,2/11/2025,C1007,P1091,3,296.22,0.12,E103,Pending
O2152,2/9/2024,C1109,P1043,5,734.72,0.16,E104,Pending
O2153,10/21/2025,C1086,P1094,4,815.33,0.05,E107,Pending
O2154,6/17/2024,C1168,P1074,2,582.54,0.19,E101,Pending
O2155,10/10/2025,C1176,P1070,1,148.31,0.03,E106,Pending
O2156,5/28/2024,C1129,P1044,1,898.13,0.18,E114,Returned
O2157,7/18/2024,C1031,P1079,3,350.32,0.12,E102,Delivered
O2158,10/26/2025,C1022,P1047,4,136.06,0.08,E106,Returned
O2159,9/13/2025,C1014,P1096,2,1431.41,0.08,E104,Returned
O2160,3/4/2024,C1006,P1052,3,966.52,0.18,E104,Returned
O2161,7/24/2024,C1150,P1052,5,814.37,0.11,E101,Delivered
O2162,2/26/2025,C1032,P1063,3,331.47,0.12,E110,Pending
O2163,6/28/2024,C1158,P1079,4,620.36,0.17,E113,Delivered
O2164,9/20/2024,C1166,P1095,3,637.64,0.04,E109,Pending
O2165,5/3/2025,C1060,P1046,1,139.98,0.15,E105,Pending
O2166,8/2/2024,C1016,P1050,1,877.56,0.05,E110,Returned
O2167,12/11/2024,C1199,P1039,3,1005.87,0.03,E105,Pending
O2168,7/8/2025,C1082,P1065,5,1173.46,0.07,E101,Returned
O2169,7/22/2025,C1194,P1097,4,214.77,0.09,E109,Delivered
O2170,5/20/2024,C1047,P1023,5,167.53,0.2,E111,Returned
O2171,2/19/2025,C1054,P1007,1,999.83,0.01,E103,Delivered
O2172,2/2/2025,C1153,P1009,2,840.64,0.03,E104,Pending
O2173,4/4/2024,C1148,P1017,1,476.05,0.17,E108,Pending
O2174,5/2/2025,C1040,P1017,2,747.26,0.17,E105,Returned
O2175,4/29/2025,C1168,P1009,1,485.7,0.05,E107,Delivered
O2176,4/9/2025,C1073,P1065,4,1303.6,0.16,E106,Pending
O2177,9/10/2025,C1129,P1064,4,1295.13,0.19,E108,Returned
O2178,5/6/2024,C1004,P1023,3,867.98,0.14,E112,Pending
O2179,4/3/2024,C1045,P1029,4,1191.22,0.16,E101,Pending
O2180,5/19/2024,C1104,P1030,3,965.39,0.18,E106,Delivered
O2181,3/14/2025,C1177,P1031,2,353.72,0,E106,Delivered
O2182,7/9/2024,C1019,P1072,4,570.6,0.04,E108,Delivered
O2183,7/9/2025,C1145,P1041,2,1346.69,0.19,E114,Returned
O2184,3/18/2025,C1192,P1010,5,311.93,0.15,E113,Returned
O2185,7/2/2025,C1147,P1080,1,425.18,0.15,E111,Pending
O2186,3/23/2024,C1174,P1087,2,298.79,0.17,E104,Pending
O2187,3/5/2024,C1156,P1028,3,1472.02,0.02,E102,Pending
O2188,9/27/2025,C1025,P1072,5,901.79,0.09,E103,Returned
O2189,4/17/2025,C1185,P1098,4,841.71,0.09,E112,Returned
O2190,7/29/2024,C1152,P1005,1,1307.15,0.04,E111,Returned
O2191,10/9/2024,C1041,P1020,1,1118.6,0.06,E100,Returned
O2192,8/19/2024,C1090,P1098,3,386.85,0.06,E110,Delivered
O2193,11/8/2025,C1104,P1067,2,408.39,0.05,E106,Pending
O2194,8/23/2025,C1103,P1086,4,97.09,0.16,E101,Pending
O2195,11/19/2024,C1033,P1045,2,841.22,0.06,E105,Delivered
O2196,4/24/2024,C1000,P1006,3,1455.47,0.2,E104,Delivered
O2197,6/3/2025,C1180,P1045,4,1011.34,0.07,E102,Delivered
O2198,8/25/2024,C1032,P1074,3,863.59,0.08,E100,Returned
O2199,11/4/2024,C1044,P1018,5,989.84,0.06,E112,Pending
O2200,4/23/2024,C1006,P1062,2,1497.55,0.04,E108,Pending
O2201,10/25/2025,C1074,P1074,5,62.43,0.1,E110,Returned
O2202,8/5/2025,C1159,P1020,4,505.57,0.12,E110,Delivered
O2203,3/2/2025,C1007,P1049,1,491.96,0.02,E108,Returned
O2204,3/9/2024,C1119,P1082,1,602.32,0.05,E101,Returned
O2205,9/8/2025,C1169,P1043,2,374.4,0.1,E101,Pending
O2206,4/1/2025,C1049,P1055,4,452.97,0.07,E110,Pending
O2207,6/8/2024,C1090,P1065,1,918.15,0.2,E105,Returned
O2208,1/24/2024,C1104,P1015,2,781.34,0.18,E101,Pending
O2209,4/27/2025,C1012,P1029,5,279.92,0.01,E102,Pending
O2210,1/22/2025,C1022,P1028,3,1048.43,0.06,E103,Returned
O2211,6/14/2024,C1088,P1009,1,188.37,0.03,E103,Returned
O2212,1/9/2025,C1017,P1059,2,89.7,0.05,E106,Returned
O2213,6/28/2024,C1167,P1013,1,1016.3,0.14,E101,Returned
O2214,11/7/2024,C1187,P1098,3,528.58,0.06,E105,Delivered
O2215,7/4/2025,C1120,P1008,4,1394.99,0.1,E105,Returned
O2216,7/13/2024,C1030,P1072,3,494.26,0.16,E102,Returned
O2217,6/21/2025,C1159,P1049,4,871.27,0.09,E105,Delivered
O2218,6/7/2024,C1060,P1067,1,315.97,0.09,E110,Delivered
O2219,1/19/2025,C1022,P1076,3,1331.64,0.1,E100,Pending
O2220,8/2/2024,C1043,P1039,3,652.49,0.1,E100,Pending
O2221,2/28/2025,C1064,P1051,3,798.41,0.04,E108,Returned
O2222,5/2/2024,C1141,P1038,4,288.99,0.17,E103,Returned
O2223,11/18/2025,C1141,P1049,1,1282.29,0.09,E109,Delivered
O2224,3/4/2025,C1010,P1025,4,507.75,0.11,E106,Pending
O2225,8/1/2024,C1096,P1042,5,323.84,0.14,E101,Returned
O2226,8/17/2025,C1048,P1067,2,237.54,0.15,E100,Delivered
O2227,8/9/2024,C1014,P1052,4,457.45,0.06,E103,Pending
O2228,11/26/2025,C1059,P1010,5,595.63,0.18,E106,Pending
O2229,9/2/2025,C1003,P1012,4,1234.99,0.13,E104,Returned
O2230,12/31/2024,C1125,P1047,5,854.84,0.12,E114,Pending
O2231,7/11/2025,C1176,P1021,1,359.18,0.01,E107,Delivered
O2232,12/26/2024,C1051,P1008,1,1465.09,0.11,E101,Returned
O2233,4/4/2024,C1159,P1031,5,1376.79,0.07,E102,Returned
O2234,6/1/2025,C1152,P1066,4,1011.82,0.1,E114,Pending
O2235,10/31/2024,C1032,P1054,3,824.45,0.16,E114,Returned
O2236,12/6/2024,C1139,P1024,5,719.03,0.17,E108,Returned
O2237,3/1/2025,C1191,P1015,5,854.37,0.2,E104,Returned
O2238,2/9/2025,C1027,P1080,2,737.55,0.13,E112,Pending
O2239,12/12/2024,C1104,P1060,2,748.46,0.13,E101,Delivered
O2240,4/16/2025,C1055,P1047,1,379.1,0.01,E110,Delivered
O2241,10/30/2024,C1101,P1066,2,945.75,0.15,E104,Delivered
O2242,5/31/2025,C1120,P1024,2,1493.7,0.05,E106,Delivered
O2243,1/7/2025,C1172,P1035,5,642.6,0.16,E113,Pending
O2244,1/17/2025,C1056,P1015,1,1329.34,0,E102,Returned
O2245,5/15/2025,C1076,P1022,5,123.67,0.09,E102,Pending
O2246,12/18/2025,C1197,P1085,1,826.89,0.1,E102,Delivered
O2247,12/20/2024,C1023,P1069,2,808.19,0.13,E102,Pending
O2248,1/3/2025,C1166,P1076,1,55.8,0.18,E104,Returned
O2249,6/13/2024,C1004,P1047,4,683.67,0.17,E105,Delivered
O2250,5/11/2025,C1036,P1057,2,824.29,0.09,E100,Returned
O2251,4/29/2024,C1031,P1077,5,287.96,0.19,E107,Returned
O2252,12/4/2025,C1170,P1078,4,1013.36,0.15,E101,Returned
O2253,2/5/2025,C1002,P1044,4,1159.71,0.05,E108,Delivered
O2254,10/9/2025,C1175,P1093,4,834.65,0.08,E105,Pending
O2255,1/16/2025,C1086,P1064,3,292.79,0.1,E101,Returned
O2256,10/24/2025,C1033,P1053,2,818.59,0.07,E103,Returned
O2257,5/7/2024,C1032,P1044,1,984.53,0.09,E102,Pending
O2258,11/9/2025,C1018,P1081,3,161.63,0.11,E111,Delivered
O2259,6/26/2024,C1018,P1002,5,269.6,0.06,E110,Delivered
O2260,10/5/2025,C1148,P1004,4,217.08,0.03,E111,Pending
O2261,4/25/2024,C1111,P1012,2,741.07,0.18,E102,Returned
O2262,8/11/2025,C1034,P1056,2,1235.76,0.06,E103,Pending
O2263,6/8/2024,C1047,P1097,1,249.8,0.14,E103,Returned
O2264,1/25/2025,C1115,P1054,4,1301.95,0,E113,Pending
O2265,3/4/2025,C1085,P1071,4,396.41,0.09,E107,Pending
O2266,11/19/2024,C1056,P1019,4,618.45,0.17,E108,Returned
O2267,7/6/2025,C1158,P1030,5,367.07,0.08,E100,Returned
O2268,6/26/2024,C1194,P1028,1,630.63,0.18,E108,Delivered
O2269,10/31/2024,C1150,P1008,2,429.33,0.1,E110,Returned
O2270,6/16/2025,C1145,P1047,2,287.45,0.05,E103,Delivered
O2271,6/11/2024,C1090,P1039,3,84.07,0.09,E112,Pending
O2272,9/3/2024,C1118,P1026,4,939.7,0.06,E109,Pending
O2273,5/9/2025,C1042,P1043,4,889.13,0.1,E105,Delivered
O2274,10/3/2025,C1139,P1002,1,1431.97,0.08,E113,Delivered
O2275,10/23/2025,C1131,P1062,3,1082.44,0.17,E106,Delivered
O2276,6/19/2024,C1139,P1066,3,856.22,0.03,E105,Delivered
O2277,5/6/2024,C1063,P1053,3,523.14,0.01,E107,Delivered
O2278,7/27/2024,C1028,P1006,5,593.89,0.03,E101,Returned
O2279,7/5/2024,C1002,P1088,2,771.2,0.18,E111,Pending
O2280,10/12/2024,C1054,P1026,2,746.84,0.05,E114,Returned
O2281,12/19/2025,C1159,P1024,2,274.2,0.07,E111,Delivered
O2282,10/16/2025,C1058,P1036,4,137.93,0.05,E101,Pending
O2283,9/7/2025,C1002,P1012,3,1450.58,0.09,E103,Pending
O2284,11/2/2025,C1184,P1046,1,729.5,0.19,E105,Returned
O2285,9/13/2025,C1012,P1084,1,93.62,0.01,E111,Pending
O2286,2/20/2025,C1150,P1054,2,1443.21,0.15,E104,Pending
O2287,12/14/2024,C1034,P1058,4,729.98,0.15,E106,Returned
O2288,1/8/2025,C1138,P1094,4,140.61,0.07,E111,Delivered
O2289,1/21/2025,C1023,P1050,3,934.81,0.08,E109,Delivered
O2290,2/16/2024,C1021,P1052,2,195.85,0.19,E108,Returned
O2291,1/15/2024,C1049,P1063,5,1140.17,0.11,E106,Pending
O2292,3/16/2025,C1119,P1007,4,334.83,0.15,E111,Pending
O2293,7/5/2025,C1023,P1006,1,782.26,0.1,E109,Pending
O2294,10/13/2024,C1090,P1096,1,393.87,0.18,E113,Pending
O2295,7/29/2025,C1086,P1095,2,244.69,0.02,E109,Returned
O2296,4/20/2024,C1008,P1018,4,1024.41,0.09,E100,Pending
O2297,1/24/2025,C1005,P1089,2,370.61,0.14,E104,Pending
O2298,11/28/2025,C1092,P1005,1,375.84,0.19,E104,Pending
O2299,6/3/2025,C1198,P1032,2,437.17,0.16,E109,Pending
O2300,1/9/2025,C1064,P1079,5,1320.81,0.13,E102,Returned
O2301,11/5/2024,C1157,P1093,2,1367.98,0.19,E104,Delivered
O2302,10/11/2024,C1054,P1034,1,644.5,0.11,E112,Delivered
O2303,6/2/2025,C1103,P1079,4,1058.17,0.03,E100,Pending
O2304,12/27/2024,C1180,P1038,2,1287.44,0.06,E104,Pending
O2305,9/17/2024,C1035,P1068,5,332.49,0.02,E100,Pending
O2306,12/3/2025,C1167,P1016,4,94.8,0.05,E107,Delivered
O2307,11/17/2024,C1130,P1002,4,1315.58,0.16,E108,Delivered
O2308,7/11/2025,C1160,P1072,5,1040.57,0.19,E114,Pending
O2309,9/30/2025,C1154,P1043,5,1312.49,0.1,E112,Delivered
O2310,12/14/2024,C1027,P1061,2,81.25,0.11,E102,Pending
O2311,5/1/2024,C1117,P1014,3,284.42,0.09,E111,Pending
O2312,1/7/2025,C1034,P1065,5,1357.26,0.08,E113,Returned
O2313,10/1/2025,C1075,P1036,5,1182.7,0.2,E109,Pending
O2314,10/13/2024,C1085,P1085,4,1485.59,0.04,E111,Delivered
O2315,8/11/2025,C1158,P1062,1,520.55,0.07,E100,Returned
O2316,2/7/2024,C1182,P1004,3,159.5,0.13,E111,Delivered
O2317,6/18/2025,C1096,P1063,1,813.84,0.11,E102,Pending
O2318,7/4/2024,C1067,P1045,5,1171.02,0.02,E101,Returned
O2319,1/4/2025,C1116,P1070,1,383.81,0.02,E100,Returned
O2320,2/16/2025,C1175,P1035,3,1019.17,0.11,E110,Returned
O2321,4/23/2024,C1051,P1001,2,1201.98,0.13,E114,Delivered
O2322,9/1/2024,C1183,P1058,2,1094.75,0.13,E110,Returned
O2323,8/8/2024,C1041,P1060,5,170.44,0.1,E114,Returned
O2324,12/15/2025,C1199,P1048,1,108.44,0.13,E109,Pending
O2325,7/29/2024,C1051,P1059,4,1388.36,0.08,E107,Returned
O2326,1/13/2024,C1146,P1065,4,1243.75,0.04,E100,Returned
O2327,3/30/2025,C1060,P1087,3,888.71,0.08,E108,Delivered
O2328,12/2/2025,C1116,P1048,3,627.95,0.18,E102,Pending
O2329,12/16/2024,C1189,P1097,2,1340.85,0.18,E102,Pending
O2330,2/20/2024,C1111,P1086,5,1438.16,0.15,E100,Delivered
O2331,5/26/2025,C1135,P1075,3,154.28,0.09,E100,Delivered
O2332,10/13/2024,C1120,P1080,3,359.33,0.08,E109,Returned
O2333,1/28/2025,C1033,P1067,1,562.53,0.11,E106,Delivered
O2334,7/13/2024,C1056,P1069,3,372.14,0.1,E100,Pending
O2335,3/24/2024,C1129,P1071,3,981.77,0.01,E100,Returned
O2336,11/30/2024,C1006,P1001,1,862.62,0.07,E111,Returned
O2337,11/8/2024,C1167,P1054,2,1083.09,0.07,E111,Returned
O2338,12/6/2025,C1077,P1065,2,69.13,0.1,E101,Returned
O2339,8/3/2025,C1028,P1092,1,75.93,0.12,E105,Pending
O2340,5/23/2024,C1013,P1026,5,1323.19,0.14,E102,Delivered
O2341,5/23/2024,C1009,P1028,5,294.12,0.17,E107,Pending
O2342,1/10/2024,C1151,P1029,4,955.51,0.02,E100,Delivered
O2343,10/19/2024,C1104,P1096,1,1012.84,0.19,E102,Pending
O2344,1/16/2024,C1094,P1066,1,977.38,0.03,E101,Delivered
O2345,1/17/2024,C1115,P1004,3,852.9,0.14,E104,Returned
O2346,6/24/2024,C1120,P1041,2,1389.73,0.16,E102,Pending
O2347,9/12/2025,C1141,P1047,4,823.15,0.11,E100,Pending
O2348,5/3/2024,C1041,P1071,4,1341.14,0.03,E102,Delivered
O2349,9/29/2024,C1065,P1029,4,467.59,0.13,E104,Delivered
O2350,6/23/2025,C1171,P1052,3,1373.28,0.14,E102,Delivered
O2351,11/26/2024,C1065,P1066,4,885.88,0.19,E100,Returned
O2352,7/6/2025,C1138,P1035,4,31.86,0.01,E113,Delivered
O2353,8/12/2025,C1083,P1045,2,404.36,0.14,E103,Returned
O2354,8/4/2025,C1032,P1020,3,767.63,0.09,E103,Pending
O2355,5/3/2025,C1199,P1088,2,718.19,0.04,E102,Returned
O2356,1/28/2025,C1130,P1076,3,992.79,0.08,E110,Pending
O2357,8/3/2025,C1072,P1020,4,181.79,0.13,E102,Returned
O2358,4/11/2024,C1163,P1001,2,834.58,0.12,E103,Delivered
O2359,8/12/2024,C1009,P1013,4,977.98,0.11,E112,Returned
O2360,10/26/2025,C1114,P1094,1,745.39,0.13,E104,Returned
O2361,11/4/2025,C1035,P1020,2,1229.03,0.16,E109,Delivered
O2362,8/26/2025,C1092,P1043,3,857.18,0.15,E114,Pending
O2363,9/9/2025,C1199,P1028,5,585.49,0.05,E106,Pending
O2364,10/24/2024,C1074,P1078,4,1292.89,0.11,E100,Delivered
O2365,4/17/2025,C1132,P1092,1,166.35,0.15,E108,Pending
O2366,10/19/2024,C1197,P1092,3,1033.13,0.08,E107,Delivered
O2367,4/4/2025,C1022,P1007,3,75.11,0.14,E103,Pending
O2368,3/26/2024,C1077,P1091,2,1044.82,0.13,E107,Pending
O2369,10/8/2024,C1056,P1024,5,1303.53,0.04,E111,Returned
O2370,12/17/2024,C1000,P1099,5,525.05,0.13,E113,Returned
O2371,3/24/2024,C1141,P1014,4,987.03,0.06,E101,Delivered
O2372,11/17/2025,C1169,P1085,2,748,0.16,E110,Returned
O2373,6/27/2024,C1053,P1024,4,1242.01,0.18,E112,Returned
O2374,5/5/2025,C1077,P1098,3,718.6,0.18,E113,Returned
O2375,9/13/2025,C1164,P1091,2,1345.27,0.04,E103,Delivered
O2376,4/16/2025,C1171,P1006,3,525.86,0.03,E106,Pending
O2377,5/5/2024,C1070,P1051,1,207.71,0.19,E105,Pending
O2378,8/29/2025,C1009,P1039,3,400.3,0.12,E105,Pending
O2379,9/27/2025,C1031,P1062,5,1460.56,0.11,E100,Pending
O2380,1/21/2025,C1045,P1060,3,75.72,0.1,E109,Delivered
O2381,8/27/2025,C1194,P1074,2,232.05,0.2,E106,Delivered
O2382,5/24/2024,C1060,P1089,4,777.72,0.11,E100,Returned
O2383,10/21/2025,C1198,P1097,2,94.78,0.02,E114,Delivered
O2384,3/8/2024,C1050,P1084,5,569.99,0.18,E106,Pending
O2385,5/10/2025,C1066,P1066,1,547.99,0.07,E107,Pending
O2386,8/9/2025,C1025,P1030,5,1249.21,0.02,E107,Delivered
O2387,1/18/2025,C1133,P1052,4,305,0.09,E110,Returned
O2388,8/29/2024,C1085,P1022,4,318.64,0.06,E102,Pending
O2389,4/11/2025,C1017,P1036,5,1482.05,0.01,E111,Returned
O2390,4/15/2025,C1118,P1035,4,870.49,0.17,E106,Returned
O2391,7/12/2025,C1169,P1036,3,1216.62,0.09,E107,Pending
O2392,4/25/2025,C1138,P1005,3,484.02,0.13,E102,Delivered
O2393,4/2/2025,C1092,P1057,5,1075.88,0.08,E105,Returned
O2394,9/19/2025,C1046,P1028,5,311.11,0.08,E106,Returned
O2395,8/24/2024,C1040,P1030,5,1189,0.1,E107,Pending
O2396,9/21/2025,C1168,P1036,1,428.51,0.04,E110,Pending
O2397,7/17/2025,C1012,P1007,4,135.43,0.05,E108,Delivered
O2398,11/25/2024,C1123,P1072,4,198.8,0.05,E102,Pending
O2399,1/19/2025,C1110,P1012,1,291.25,0.11,E110,Pending
O2400,3/10/2024,C1132,P1067,2,57.67,0,E110,Returned
O2401,10/2/2025,C1103,P1065,2,1120.94,0.05,E103,Delivered
O2402,3/10/2024,C1146,P1044,4,1138.23,0.16,E106,Pending
O2403,1/18/2025,C1071,P1073,2,1434.82,0.02,E109,Pending
O2404,5/1/2024,C1152,P1032,1,194.5,0.17,E112,Returned
O2405,7/19/2025,C1150,P1060,3,117.59,0.07,E109,Pending
O2406,9/18/2024,C1153,P1056,4,632.57,0.14,E104,Returned
O2407,11/30/2024,C1053,P1008,4,657.38,0.07,E104,Pending
O2408,10/28/2024,C1129,P1095,1,1191.27,0.16,E113,Returned
O2409,6/14/2025,C1110,P1098,5,541.35,0.1,E100,Returned
O2410,11/20/2024,C1139,P1026,2,1497.28,0.17,E105,Pending
O2411,5/6/2025,C1119,P1009,2,296.51,0.18,E105,Pending
O2412,3/4/2024,C1149,P1034,5,855.05,0.06,E105,Returned
O2413,4/21/2024,C1024,P1094,4,33.1,0.17,E106,Returned
O2414,2/18/2025,C1161,P1035,5,1245.08,0.11,E100,Pending
O2415,2/17/2025,C1027,P1027,3,468.07,0.2,E112,Pending
O2416,1/13/2025,C1000,P1042,2,371.98,0.06,E111,Delivered
O2417,7/29/2025,C1193,P1077,1,703.46,0.11,E114,Returned
O2418,1/2/2024,C1109,P1047,4,618.22,0.16,E105,Pending
O2419,8/31/2024,C1134,P1099,5,1287.56,0.17,E113,Returned
O2420,3/20/2024,C1019,P1056,2,138.47,0.11,E102,Returned
O2421,8/28/2024,C1094,P1056,3,309.21,0.06,E104,Returned
O2422,1/27/2024,C1031,P1005,4,435.23,0.07,E103,Returned
O2423,4/26/2025,C1003,P1089,5,1144.73,0.12,E110,Pending
O2424,9/21/2025,C1085,P1056,4,1010.86,0.18,E114,Delivered
O2425,2/18/2025,C1183,P1001,3,1488.6,0.03,E108,Pending
O2426,2/22/2024,C1080,P1093,2,1314.7,0.11,E105,Delivered
O2427,6/11/2025,C1199,P1044,5,921.79,0.14,E107,Pending
O2428,7/25/2025,C1066,P1091,1,337.14,0.04,E105,Pending
O2429,1/30/2024,C1029,P1087,5,1385.06,0.05,E104,Delivered
O2430,8/31/2024,C1145,P1001,4,486.3,0.06,E101,Returned
O2431,9/7/2025,C1119,P1022,3,1437.34,0.09,E102,Returned
O2432,4/29/2024,C1177,P1044,4,896.83,0.16,E110,Delivered
O2433,11/29/2024,C1094,P1075,1,821.52,0.06,E105,Pending
O2434,3/4/2024,C1054,P1027,4,1416.46,0.18,E111,Returned
O2435,7/10/2025,C1098,P1096,4,1232.07,0.2,E104,Returned
O2436,5/8/2025,C1189,P1091,5,1132.39,0.12,E105,Pending
O2437,12/16/2024,C1033,P1081,1,524.68,0.14,E112,Pending
O2438,8/3/2024,C1123,P1018,3,420.09,0.15,E111,Returned
O2439,3/2/2024,C1145,P1042,1,636.21,0.08,E106,Delivered
O2440,5/21/2024,C1022,P1048,3,866.31,0.04,E108,Pending
O2441,11/11/2024,C1016,P1064,3,53.93,0.05,E112,Delivered
O2442,3/26/2025,C1166,P1078,4,566.58,0.05,E105,Delivered
O2443,9/20/2024,C1083,P1027,4,1481.66,0.08,E108,Pending
O2444,7/31/2025,C1008,P1080,4,1210.4,0.1,E105,Returned
O2445,1/15/2024,C1171,P1043,1,1367.27,0.19,E109,Delivered
O2446,2/17/2025,C1125,P1001,5,367.14,0.12,E106,Delivered
O2447,11/17/2025,C1075,P1086,1,796.76,0.01,E114,Pending
O2448,3/27/2024,C1018,P1044,2,488.72,0.03,E111,Returned
O2449,5/12/2024,C1194,P1001,2,619.84,0.12,E102,Returned
O2450,10/29/2024,C1150,P1075,2,772.25,0.09,E108,Delivered
O2451,1/16/2024,C1117,P1037,5,1137.76,0.05,E103,Returned
O2452,6/29/2025,C1072,P1033,5,1482.65,0.15,E103,Delivered
O2453,3/18/2025,C1045,P1059,5,492.82,0.18,E103,Returned
O2454,8/6/2024,C1046,P1015,4,797.45,0.07,E101,Pending
O2455,1/14/2025,C1011,P1053,3,1345.83,0.14,E112,Delivered
O2456,11/24/2024,C1013,P1053,2,1166,0.18,E114,Pending
O2457,8/13/2024,C1114,P1087,5,160.09,0.16,E106,Pending
O2458,8/8/2024,C1158,P1036,5,536.22,0.1,E102,Returned
O2459,8/30/2024,C1127,P1037,1,1175.56,0.11,E111,Delivered
O2460,4/4/2025,C1191,P1054,3,793.82,0.16,E110,Delivered
O2461,12/23/2024,C1161,P1062,1,241.2,0.16,E113,Pending
O2462,3/21/2024,C1178,P1087,4,185.96,0,E112,Delivered
O2463,10/4/2024,C1174,P1088,5,491.66,0.1,E106,Pending
O2464,11/23/2024,C1094,P1004,4,545.5,0.03,E101,Returned
O2465,1/23/2024,C1149,P1003,1,438.22,0.11,E112,Delivered
O2466,12/22/2024,C1192,P1048,5,1393.7,0.05,E110,Pending
O2467,5/20/2024,C1013,P1060,2,1385.74,0.17,E102,Delivered
O2468,3/4/2024,C1191,P1049,2,538.5,0.05,E111,Pending
O2469,5/4/2024,C1061,P1025,1,1134.53,0.03,E114,Pending
O2470,3/8/2024,C1160,P1015,1,661.37,0.18,E106,Pending
O2471,12/5/2025,C1103,P1059,1,746.66,0.01,E101,Delivered
O2472,7/17/2025,C1099,P1025,4,1287.76,0.15,E105,Pending
O2473,9/11/2025,C1146,P1042,4,470.19,0.16,E109,Delivered
O2474,10/10/2024,C1138,P1063,5,432.51,0.18,E109,Pending
O2475,5/17/2025,C1060,P1070,2,256.45,0.13,E110,Delivered
O2476,5/12/2024,C1013,P1052,4,865.59,0.11,E101,Pending
O2477,7/22/2025,C1056,P1016,3,1330.65,0.16,E103,Returned
O2478,3/24/2024,C1145,P1016,5,1035.08,0.17,E105,Returned
O2479,7/16/2024,C1163,P1037,2,1164.16,0.09,E114,Delivered
O2480,8/19/2024,C1159,P1024,5,320.06,0.13,E110,Returned
O2481,9/1/2025,C1121,P1004,4,804.72,0.17,E102,Returned
O2482,8/11/2024,C1164,P1072,1,102.92,0.04,E104,Delivered
O2483,9/23/2024,C1137,P1094,5,487.21,0.08,E111,Delivered
O2484,9/12/2025,C1074,P1026,2,726.4,0.04,E102,Returned
O2485,10/7/2025,C1039,P1065,4,144.27,0.08,E107,Returned
O2486,10/21/2024,C1123,P1086,2,921.65,0.01,E101,Delivered
O2487,7/2/2025,C1110,P1061,1,369.97,0.08,E109,Pending
O2488,2/12/2024,C1108,P1068,2,525.56,0.18,E110,Pending
O2489,5/22/2024,C1140,P1079,3,197.95,0.15,E112,Returned
O2490,2/8/2024,C1031,P1058,5,711.87,0.11,E110,Pending
O2491,12/15/2024,C1154,P1031,2,1040.94,0.15,E112,Pending
O2492,2/12/2024,C1147,P1063,2,1262.63,0.19,E113,Returned
O2493,3/6/2025,C1030,P1060,2,713.66,0.18,E114,Returned
O2494,10/21/2025,C1014,P1080,1,1126.41,0.12,E101,Delivered
O2495,7/24/2025,C1069,P1033,1,821.23,0,E113,Delivered
O2496,11/24/2025,C1060,P1035,1,1067.04,0.13,E109,Pending
O2497,8/18/2024,C1069,P1016,4,755.79,0.16,E112,Delivered
O2498,3/31/2024,C1124,P1068,5,588.42,0.12,E100,Delivered
O2499,7/11/2025,C1178,P1025,4,966.63,0.18,E103,Pending
